ISO8601,开始日期,结束日期,就寝时间,起床时间,睡眠时间,清醒时间,入睡时间,时间段,睡眠时间,7日平均睡眠时间,效率,7日平均效率,质量,7日平均质量,深度睡眠,7日平均深度睡眠时间,睡眠心跳数,7日平均睡眠心跳数,日心跳数,7日平均日心跳数,起床心跳数,7日平均起床心跳数,心率变异,7日平均心率变异,睡眠心率变异,7日平均睡眠心率变异,平均血氧饱和度,最小血氧饱和度,最大血氧饱和度,平均呼吸,最小呼吸,最大呼吸,选项卡,备注
2023-01-01T20:59:59+08:00,"2022年12月31日 星期六","2023年1月1日 星期日",2023-01-01 01:45:00,2023-01-01 09:16:00,07:31:00,00:39:00,00:00:00,1,06:52:00,07:14:40,91.4,86.4,04:53:22,05:22:23,01:28:17,01:29:07,62.3,62.9,73.6,76.6,59.0,59.7,109,92,64,61,,,,15.5,14.0,19.5,,
2023-01-02T20:59:59+08:00,"2023年1月1日 星期日","2023年1月2日 星期一",2023-01-01 23:45:00,2023-01-02 08:46:00,09:01:00,00:26:00,00:00:00,1,08:35:00,07:26:08,95.2,87.7,06:22:45,05:31:00,01:46:02,01:31:32,60.0,62.5,78.9,77.2,58.0,59.4,84,91,51,56,,,,15.3,14.0,19.0,,
2023-01-03T20:59:59+08:00,"2023年1月2日 星期一","2023年1月3日 星期二",2023-01-02 23:45:00,2023-01-03 07:58:00,08:13:00,00:27:00,00:00:00,1,07:46:00,07:35:08,94.5,86.9,05:10:24,05:33:48,01:56:30,01:37:31,59.3,62.1,72.2,76.6,58.0,59.4,74,88,51,55,,,,15.4,14.0,18.0,,
2023-01-04T20:59:59+08:00,"2023年1月3日 星期二","2023年1月4日 星期三",2023-01-04 01:05:00,2023-01-04 07:33:00,06:28:00,00:00:00,00:00:00,1,06:28:00,07:14:34,100.0,87.0,04:29:02,05:16:24,00:44:46,01:21:33,58.8,61.9,77.2,76.4,56.0,58.7,138,99,90,63,,,,15.2,14.0,19.5,,
2023-01-05T20:59:59+08:00,"2023年1月4日 星期三","2023年1月5日 星期四",2023-01-05 00:15:00,2023-01-05 07:42:00,07:47:00,00:27:00,00:00:00,2,07:20:00,07:15:42,94.0,90.8,05:12:20,05:13:54,01:22:25,01:22:18,60.1,61.8,73.1,75.9,55.0,57.6,58,87,44,57,,,,15.1,14.0,17.0,,
2023-01-06T20:59:59+08:00,"2023年1月5日 星期四","2023年1月6日 星期五",2023-01-06 00:50:00,2023-01-06 08:04:00,07:34:00,00:48:00,00:00:00,2,06:46:00,07:12:08,88.9,94.2,04:38:52,05:08:37,00:32:10,01:15:54,63.0,62.6,76.2,76.0,62.0,57.1,98,90,55,58,,,,15.5,14.5,18.0,,
2023-01-07T20:59:59+08:00,"2023年1月6日 星期五","2023年1月7日 星期六",2023-01-07 00:30:00,2023-01-07 09:00:00,08:30:00,00:19:00,00:00:00,1,08:11:00,07:25:25,96.3,94.3,05:45:44,05:13:13,01:29:16,01:19:55,63.5,61.0,75.1,75.2,59.0,58.1,157,102,67,60,,,,15.2,13.5,17.5,,
2023-01-08T20:59:59+08:00,"2023年1月7日 星期六","2023年1月8日 星期日",2023-01-08 00:22:00,2023-01-08 10:33:00,10:11:00,00:10:00,00:00:00,1,10:01:00,07:52:25,98.4,95.3,06:44:29,05:29:05,01:00:06,01:15:53,62.9,61.1,70.5,74.7,59.0,58.1,101,101,65,61,,,,15.1,13.5,17.5,,
2023-01-09T20:59:59+08:00,"2023年1月8日 星期日","2023年1月9日 星期一",2023-01-09 00:15:00,2023-01-09 07:32:00,07:17:00,00:14:00,00:00:00,1,07:03:00,07:39:17,96.8,95.6,04:53:05,05:16:17,01:15:32,01:11:32,57.2,60.7,71.0,73.6,54.0,57.6,78,100,59,62,,,,15.0,13.5,19.0,,
2023-01-10T20:59:59+08:00,"2023年1月9日 星期一","2023年1月10日 星期二",2023-01-10 00:30:00,2023-01-10 07:50:00,07:20:00,00:00:00,00:00:00,1,07:20:00,07:35:34,100.0,96.3,05:08:44,05:16:02,01:15:52,01:05:43,60.1,60.8,72.1,73.6,56.0,57.3,66,99,44,61,,,,15.1,13.0,22.0,,
2023-01-11T20:59:59+08:00,"2023年1月10日 星期二","2023年1月11日 星期三",2023-01-10 23:45:00,2023-01-11 08:01:00,08:16:00,00:00:00,00:00:00,1,08:16:00,07:51:00,100.0,96.3,05:43:06,05:26:37,01:30:11,01:12:13,58.8,60.8,75.8,73.4,62.0,58.1,76,90,57,56,,,,15.0,13.5,18.5,,
2023-01-12T20:59:59+08:00,"2023年1月11日 星期三","2023年1月12日 星期四",2023-01-12 00:02:00,2023-01-12 07:23:00,07:42:00,00:00:00,00:00:00,2,07:42:00,07:54:08,100.0,97.2,05:30:08,05:29:10,02:06:00,01:18:26,60.2,60.8,79.8,74.3,56.0,58.3,77,93,55,57,,,,15.3,13.5,17.5,,
2023-01-13T20:59:59+08:00,"2023年1月12日 星期四","2023年1月13日 星期五",2023-01-13 00:43:00,2023-01-13 07:16:00,06:33:00,00:00:00,00:00:00,1,06:33:00,07:52:17,100.0,98.8,04:46:42,05:30:17,01:00:28,01:22:29,60.9,60.5,74.4,74.1,58.0,57.7,96,93,68,59,,,,15.4,14.0,18.0,,
2023-01-14T20:59:59+08:00,"2023年1月13日 星期五","2023年1月14日 星期六",2023-01-14 01:01:00,2023-01-14 09:46:00,08:45:00,00:00:00,00:00:00,1,08:45:00,07:57:08,100.0,99.3,05:52:24,05:31:14,01:00:00,01:18:18,61.0,60.2,76.2,74.3,62.0,58.1,50,78,46,56,,,,15.3,13.0,20.0,,
2023-01-15T20:59:59+08:00,"2023年1月14日 星期六","2023年1月15日 星期日",2023-01-15 00:56:00,2023-01-15 09:34:00,08:38:00,00:00:00,00:00:00,1,08:38:00,07:45:17,100.0,99.5,06:06:31,05:25:49,01:14:00,01:20:17,64.0,60.3,72.7,74.6,61.0,58.4,117,80,60,56,,,,15.1,13.5,17.0,,
2023-01-16T20:59:59+08:00,"2023年1月15日 星期日","2023年1月16日 星期一",2023-01-16 00:06:00,2023-01-16 08:20:00,09:00:00,00:00:00,00:00:00,2,09:00:00,08:02:00,100.0,100.0,05:58:50,05:35:12,01:48:04,01:24:56,61.1,60.9,73.1,74.9,56.0,58.7,80,80,44,53,,,,15.5,14.0,20.5,,
2023-01-17T20:59:59+08:00,"2023年1月16日 星期一","2023年1月17日 星期二",2023-01-16 22:44:00,2023-01-17 08:37:00,09:53:00,01:47:00,00:00:00,1,08:06:00,08:08:34,82.0,97.4,05:15:47,05:36:13,01:15:56,01:24:57,62.6,61.2,74.5,75.2,70.0,60.7,51,78,46,54,,,,15.4,14.0,19.0,,
2023-01-18T20:59:59+08:00,"2023年1月17日 星期二","2023年1月18日 星期三",2023-01-18 01:00:00,2023-01-18 07:47:00,07:10:00,00:00:00,00:00:00,2,07:10:00,07:59:08,100.0,97.4,05:11:45,05:31:44,00:45:13,01:18:31,63.7,61.9,77.2,75.4,60.0,60.4,61,76,44,52,,,,15.6,13.5,18.5,,
2023-01-19T20:59:59+08:00,"2023年1月18日 星期三","2023年1月19日 星期四",2023-01-19 00:29:00,2023-01-19 07:44:00,07:15:00,00:15:00,00:00:00,1,07:00:00,07:53:08,96.6,96.9,05:30:34,05:31:48,01:48:53,01:16:04,61.5,62.1,74.9,74.7,59.0,60.9,128,83,60,53,,,,15.2,13.0,18.0,,
2023-01-20T20:59:59+08:00,"2023年1月19日 星期四","2023年1月20日 星期五",2023-01-19 23:45:00,2023-01-20 08:14:00,08:29:00,01:13:00,00:00:00,1,07:16:00,07:59:17,85.7,94.9,04:56:12,05:33:09,00:29:04,01:11:35,67.7,63.1,,,62.0,61.4,67,79,49,50,,,,15.7,13.0,18.0,,
2023-01-22T20:59:59+08:00,"2023年1月21日 星期六","2023年1月22日 星期日",2023-01-22 00:44:00,2023-01-22 10:31:00,09:47:00,00:46:00,00:00:00,1,09:01:00,08:01:34,92.2,93.8,06:48:25,05:41:09,02:00:13,01:20:11,64.2,63.5,71.5,73.8,61.0,61.3,116,89,57,51,,,,16.3,12.5,32.0,,
2023-01-23T20:59:59+08:00,"2023年1月22日 星期日","2023年1月23日 星期一",2023-01-23 01:31:00,2023-01-23 08:11:00,06:40:00,00:00:00,00:00:00,1,06:40:00,07:44:42,100.0,93.8,04:48:40,05:30:02,01:28:53,01:22:19,60.6,63.1,,,59.0,61.0,83,84,60,51,,,,15.5,13.0,20.0,,
2023-01-25T20:59:59+08:00,"2023年1月24日 星期二","2023年1月25日 星期三",2023-01-25 00:15:00,2023-01-25 10:01:00,09:46:00,00:13:00,00:00:00,1,09:33:00,07:49:25,97.8,93.4,07:00:54,05:38:54,01:00:19,01:15:30,62.2,63.2,73.2,73.5,60.0,61.6,54,80,44,51,,,,15.8,14.5,19.0,,
2023-01-26T20:59:59+08:00,"2023年1月25日 星期三","2023年1月26日 星期四",2023-01-26 01:29:00,2023-01-26 09:33:00,08:04:00,00:49:00,00:00:00,1,07:15:00,07:42:08,89.9,94.6,04:54:08,05:35:48,01:00:00,01:13:13,61.1,63.0,70.9,73.0,60.0,60.1,58,81,47,52,,,,15.1,12.5,17.0,,
2023-01-27T20:59:59+08:00,"2023年1月26日 星期四","2023年1月27日 星期五",2023-01-27 00:37:00,2023-01-27 07:00:00,06:23:00,00:00:00,00:00:00,1,06:23:00,07:35:25,100.0,94.6,04:15:53,05:27:49,00:45:58,01:13:20,62.0,62.8,82.1,73.7,64.0,60.7,67,82,44,52,,,,15.8,13.5,20.5,,
2023-01-28T20:59:59+08:00,"2023年1月27日 星期五","2023年1月28日 星期六",2023-01-28 00:45:00,2023-01-28 08:45:00,08:00:00,00:00:00,00:00:00,1,08:00:00,07:44:00,100.0,95.1,05:18:17,05:26:04,00:15:00,00:59:55,62.0,62.8,65.4,72.3,61.0,61.0,67,73,52,50,,,,15.6,13.0,22.5,,
2023-01-29T20:59:59+08:00,"2023年1月28日 星期六","2023年1月29日 星期日",2023-01-29 00:31:00,2023-01-29 08:17:00,08:07:00,00:00:00,00:00:00,2,08:07:00,07:51:17,100.0,97.1,05:29:19,05:30:48,,,62.1,62.0,73.3,72.4,61.0,60.9,67,73,60,52,,,,15.4,14.0,23.0,,
2023-01-30T20:59:59+08:00,"2023年1月29日 星期日","2023年1月30日 星期一",2023-01-30 00:04:00,2023-01-30 08:46:00,08:42:00,00:39:00,00:00:00,1,08:03:00,07:43:00,92.5,97.2,05:35:39,05:20:24,01:15:28,01:06:33,62.9,61.9,74.9,72.9,67.0,61.7,124,74,73,54,,,,15.5,13.5,20.5,,
2023-01-31T20:59:59+08:00,"2023年1月30日 星期一","2023年1月31日 星期二",2023-01-31 00:15:00,2023-01-31 08:04:00,08:34:00,00:00:00,00:00:00,2,08:34:00,07:59:17,100.0,97.2,06:19:58,05:33:27,00:45:23,00:55:51,62.4,62.1,73.2,73.3,60.0,61.9,47,69,39,51,,,,15.6,13.5,22.0,,
2023-02-01T20:59:59+08:00,"2023年1月31日 星期二","2023年2月1日 星期三",2023-02-01 00:37:00,2023-02-01 08:05:00,07:28:00,00:09:00,00:00:00,1,07:19:00,07:40:08,98.0,97.2,05:00:31,05:16:15,00:31:21,00:47:38,60.3,61.8,71.8,73.1,58.0,61.6,55,69,44,51,,,,15.5,13.5,23.5,,
2023-02-02T20:59:59+08:00,"2023年2月1日 星期三","2023年2月2日 星期四",2023-02-02 00:15:00,2023-02-02 07:31:00,07:16:00,00:00:00,00:00:00,1,07:16:00,07:40:17,100.0,98.6,05:17:25,05:19:35,00:45:06,00:45:28,62.9,62.1,75.2,73.7,59.0,61.4,91,74,47,51,,,,15.1,12.5,18.0,,
2023-02-03T20:59:59+08:00,"2023年2月2日 星期四","2023年2月3日 星期五",2023-02-03 00:17:00,2023-02-03 07:30:00,07:47:00,00:00:00,00:00:00,2,07:47:00,07:52:17,100.0,98.6,05:59:08,05:34:20,01:29:35,00:49:41,61.9,62.1,81.5,73.6,62.0,61.1,63,73,52,52,,,,15.6,14.0,21.5,,
2023-02-04T20:59:59+08:00,"2023年2月3日 星期五","2023年2月4日 星期六",2023-02-04 01:42:00,2023-02-04 10:29:00,08:47:00,00:37:00,00:00:00,1,08:10:00,07:53:42,93.0,97.6,05:34:07,05:36:35,01:14:15,00:53:44,61.9,62.1,83.6,76.2,60.0,61.0,68,74,52,52,,,,15.2,12.5,22.5,,
2023-02-05T20:59:59+08:00,"2023年2月4日 星期六","2023年2月5日 星期日",2023-02-05 02:41:00,2023-02-05 09:01:00,06:20:00,00:16:00,00:00:00,1,06:04:00,07:36:08,95.8,97.0,04:15:38,05:26:04,00:45:30,00:58:05,64.8,62.4,70.7,75.9,,,98,78,52,51,,,,15.3,13.0,21.5,,
2023-02-06T20:59:59+08:00,"2023年2月5日 星期日","2023年2月6日 星期一",2023-02-05 23:44:00,2023-02-06 08:32:00,08:48:00,00:00:00,00:00:00,1,08:48:00,07:42:34,100.0,98.1,06:02:18,05:29:52,00:15:05,00:49:27,62.6,62.4,73.9,75.7,61.0,61.0,76,71,50,48,,,,15.6,14.5,17.5,,
2023-02-07T20:59:59+08:00,"2023年2月6日 星期一","2023年2月7日 星期二",2023-02-07 01:10:00,2023-02-07 07:50:00,06:40:00,00:00:00,00:00:00,1,06:40:00,07:26:17,100.0,98.1,04:06:48,05:10:51,00:59:16,00:51:26,63.8,62.6,,,56.0,59.4,65,74,42,48,,,,15.5,14.0,18.5,,
2023-02-10T20:59:59+08:00,"2023年2月9日 星期四","2023年2月10日 星期五",2023-02-10 00:15:00,2023-02-10 07:45:00,07:30:00,00:14:00,00:00:00,1,07:16:00,07:25:51,96.9,98.0,05:08:41,05:12:01,01:15:10,00:57:42,60.7,62.7,,,62.0,59.7,97,80,70,52,,,,15.6,14.0,17.5,,
2023-02-12T20:59:59+08:00,"2023年2月11日 星期六","2023年2月12日 星期日",2023-02-12 01:23:00,2023-02-12 07:49:00,08:13:00,00:25:00,00:00:00,2,07:48:00,07:30:25,100.0,98.0,05:29:31,05:13:44,01:26:43,01:03:39,68.3,63.4,76.2,77.5,60.0,60.0,95,80,53,53,,,,16.2,14.5,19.0,,
2023-02-13T20:59:59+08:00,"2023年2月12日 星期日","2023年2月13日 星期一",2023-02-12 23:37:00,2023-02-13 07:34:00,08:30:00,00:00:00,00:00:00,2,08:30:00,07:36:34,100.0,98.0,06:20:24,05:16:47,01:29:26,01:03:37,58.8,63.0,76.8,76.8,58.0,59.9,68,81,50,53,,,,15.7,14.0,18.0,,
2023-02-14T20:59:59+08:00,"2023年2月13日 星期一","2023年2月14日 星期二",2023-02-14 00:07:00,2023-02-14 07:15:00,07:08:00,00:00:00,00:00:00,1,07:08:00,07:27:42,100.0,99.0,04:55:14,05:11:13,01:16:26,01:03:56,61.8,63.0,73.2,75.3,60.0,59.6,57,79,51,53,,,,16.0,14.5,18.0,,
2023-02-15T20:59:59+08:00,"2023年2月14日 星期二","2023年2月15日 星期三",2023-02-15 00:45:00,2023-02-15 07:42:00,07:38:00,00:33:00,00:00:00,2,07:05:00,07:36:25,92.1,98.4,05:04:04,05:18:09,00:48:00,01:04:18,63.7,62.8,76.7,76.2,60.0,59.6,81,77,61,54,,,,15.9,14.0,22.0,,
2023-02-16T20:59:59+08:00,"2023年2月15日 星期三","2023年2月16日 星期四",2023-02-15 23:08:00,2023-02-16 07:45:00,09:24:00,00:00:00,00:00:00,2,09:24:00,07:41:34,100.0,98.4,06:17:51,05:20:22,00:44:19,01:08:28,61.5,62.7,76.2,76.5,60.0,59.4,55,74,42,53,,,,16.0,13.5,32.0,,
2023-02-17T20:59:59+08:00,"2023年2月16日 星期四","2023年2月17日 星期五",2023-02-16 23:45:00,2023-02-17 07:50:00,08:05:00,00:00:00,00:00:00,1,08:05:00,07:53:42,100.0,98.4,05:24:23,05:31:27,01:15:47,01:10:50,60.2,62.1,79.1,77.3,60.0,60.0,117,81,67,56,,,,15.9,14.5,18.5,,
2023-02-18T20:59:59+08:00,"2023年2月17日 星期五","2023年2月18日 星期六",2023-02-18 01:42:00,2023-02-18 10:15:00,08:33:00,00:00:00,00:00:00,1,08:33:00,08:04:42,100.0,98.9,06:00:23,05:38:50,01:30:32,01:13:01,61.2,62.2,72.7,75.8,59.0,59.6,94,81,66,56,,,,15.9,14.0,21.0,,
2023-02-19T20:59:59+08:00,"2023年2月18日 星期六","2023年2月19日 星期日",2023-02-19 01:45:00,2023-02-19 08:11:00,06:26:00,00:00:00,00:00:00,1,06:26:00,07:53:00,100.0,98.9,04:06:23,05:26:57,00:29:42,01:04:53,62.1,61.3,73.6,75.5,59.0,59.4,72,78,44,54,,,,15.6,14.0,21.5,,
2023-02-20T20:59:59+08:00,"2023年2月19日 星期日","2023年2月20日 星期一",2023-02-19 23:53:00,2023-02-20 08:00:00,08:07:00,00:00:00,00:00:00,1,08:07:00,07:49:42,100.0,98.9,05:33:12,05:20:13,01:13:47,01:02:39,62.4,61.8,82.4,76.3,61.0,59.9,52,75,45,54,,,,15.6,14.0,18.5,,
2023-02-21T20:59:59+08:00,"2023年2月20日 星期一","2023年2月21日 星期二",2023-02-21 00:20:00,2023-02-21 07:18:00,06:58:00,00:15:00,00:00:00,1,06:43:00,07:46:08,96.4,98.4,04:43:06,05:18:29,01:14:38,01:02:23,62.2,61.9,76.4,76.7,56.0,59.3,78,78,59,55,,,,16.1,13.5,20.5,,
2023-02-22T20:59:59+08:00,"2023年2月21日 星期二","2023年2月22日 星期三",2023-02-22 00:30:00,2023-02-22 07:42:00,07:46:00,00:00:00,00:00:00,2,07:46:00,07:52:00,100.0,99.5,05:13:55,05:19:53,00:44:41,01:01:55,61.1,61.5,71.6,76.0,59.0,59.1,80,78,57,54,,,,15.3,13.5,21.5,,
2023-02-23T20:59:59+08:00,"2023年2月22日 星期三","2023年2月23日 星期四",2023-02-23 00:15:00,2023-02-23 07:30:00,08:01:00,00:17:00,00:00:00,2,07:44:00,07:37:42,96.1,98.9,05:37:09,05:14:04,01:44:30,01:10:31,57.3,60.9,74.7,75.8,55.0,58.4,83,82,55,56,,,,15.8,11.0,19.5,,
2023-02-24T20:59:59+08:00,"2023年2月23日 星期四","2023年2月24日 星期五",2023-02-23 23:45:00,2023-02-24 08:06:00,08:48:00,00:10:00,00:00:00,2,08:38:00,07:42:25,98.0,98.6,05:23:36,05:13:58,00:30:41,01:04:04,59.1,60.8,74.9,75.2,58.0,58.1,68,75,45,53,,,,15.6,13.5,19.0,,
2023-02-25T20:59:59+08:00,"2023年2月24日 星期五","2023年2月25日 星期六",2023-02-24 23:52:00,2023-02-25 07:15:00,07:23:00,00:00:00,00:00:00,1,07:23:00,07:32:25,100.0,98.6,05:28:50,05:09:27,01:16:23,01:02:03,60.4,60.7,79.7,76.2,60.0,58.3,99,76,63,53,,,,15.2,14.0,18.5,,
2023-02-26T20:59:59+08:00,"2023年2月25日 星期六","2023年2月26日 星期日",2023-02-26 01:45:00,2023-02-26 08:14:00,06:29:00,00:00:00,00:00:00,1,06:29:00,07:32:51,100.0,98.6,04:19:20,05:11:18,00:59:51,01:06:21,60.9,60.5,75.9,76.5,60.0,58.4,55,73,38,52,,,,15.9,14.5,22.5,,
2023-02-27T20:59:59+08:00,"2023年2月26日 星期日","2023年2月27日 星期一",2023-02-27 00:22:00,2023-02-27 07:29:00,07:51:00,00:00:00,00:00:00,2,07:51:00,07:30:34,100.0,98.6,05:30:28,05:10:55,00:44:10,01:02:07,59.7,60.1,74.8,75.4,59.0,58.1,75,77,67,55,,,,15.8,13.5,18.5,,
2023-02-28T20:59:59+08:00,"2023年2月27日 星期一","2023年2月28日 星期二",2023-02-28 00:15:00,2023-02-28 07:30:00,07:42:00,00:00:00,00:00:00,2,07:42:00,07:39:00,100.0,99.2,05:23:36,05:16:42,01:45:00,01:06:28,60.1,59.8,73.7,75.0,58.0,58.4,61,74,48,53,,,,15.2,14.0,17.5,,
2023-03-01T20:59:59+08:00,"2023年2月28日 星期二","2023年3月1日 星期三",2023-02-28 23:38:00,2023-03-01 07:11:00,07:33:00,00:00:00,00:00:00,1,07:33:00,07:37:08,100.0,99.2,05:27:56,05:18:42,01:13:04,01:10:31,60.5,59.7,72.1,75.1,57.0,58.1,69,73,49,52,,,,15.5,14.0,18.5,,
2023-03-02T20:59:59+08:00,"2023年3月1日 星期三","2023年3月2日 星期四",2023-03-02 00:01:00,2023-03-02 07:18:00,07:43:00,00:00:00,00:00:00,2,07:43:00,07:37:00,100.0,99.7,05:49:14,05:20:26,01:45:29,01:10:39,61.7,60.3,71.8,74.7,59.0,58.7,52,68,44,51,,,,15.5,14.0,21.0,,
2023-03-03T20:59:59+08:00,"2023年3月2日 星期四","2023年3月3日 星期五",2023-03-02 23:45:00,2023-03-03 07:05:00,07:39:00,00:00:00,00:00:00,2,07:39:00,07:28:34,100.0,100.0,05:30:48,05:21:28,00:45:31,01:12:46,58.6,60.3,72.6,74.4,59.0,58.9,53,66,48,51,,,,15.0,13.5,16.5,,
2023-03-04T20:59:59+08:00,"2023年3月3日 星期五","2023年3月4日 星期六",2023-03-04 00:15:00,2023-03-04 08:42:00,08:27:00,00:00:00,00:00:00,1,08:27:00,07:37:42,100.0,100.0,05:40:07,05:23:04,00:14:55,01:04:00,63.7,60.7,88.3,75.6,62.0,59.1,112,68,56,50,,,,15.6,14.0,21.0,,
2023-03-05T20:59:59+08:00,"2023年3月4日 星期六","2023年3月5日 星期日",2023-03-05 00:30:00,2023-03-05 08:02:00,07:32:00,00:00:00,00:00:00,1,07:32:00,07:46:42,100.0,100.0,05:22:50,05:32:09,01:00:16,01:04:03,61.1,60.8,79.1,76.0,59.0,59.0,73,71,43,51,,,,15.3,14.0,18.0,,
2023-03-06T20:59:59+08:00,"2023年3月5日 星期日","2023年3月6日 星期一",2023-03-05 23:38:00,2023-03-06 07:30:00,08:13:00,00:00:00,00:00:00,2,08:13:00,07:49:51,100.0,100.0,05:56:29,05:35:52,01:43:15,01:12:30,59.5,60.7,71.8,75.6,56.0,58.6,172,85,73,52,,,,15.9,14.0,23.5,,
2023-03-07T20:59:59+08:00,"2023年3月6日 星期一","2023年3月7日 星期二",2023-03-07 00:17:00,2023-03-07 07:18:00,07:01:00,00:00:00,00:00:00,1,07:01:00,07:44:00,100.0,100.0,05:09:24,05:33:50,01:15:11,01:08:14,60.4,60.8,74.3,75.7,59.0,58.7,108,91,72,55,,,,15.9,14.0,21.0,,
2023-03-08T20:59:59+08:00,"2023年3月7日 星期二","2023年3月8日 星期三",2023-03-08 00:15:00,2023-03-08 08:01:00,07:46:00,00:00:00,00:00:00,1,07:46:00,07:45:51,100.0,100.0,05:17:51,05:32:23,00:45:06,01:04:14,59.0,60.6,77.4,76.5,60.0,59.1,77,93,45,55,,,,15.4,13.5,19.5,,
2023-03-09T20:59:59+08:00,"2023年3月8日 星期三","2023年3月9日 星期四",2023-03-09 00:15:00,2023-03-09 07:58:00,08:27:00,00:00:00,00:00:00,2,08:27:00,07:52:08,100.0,100.0,05:48:37,05:32:18,01:44:33,01:04:06,58.5,60.1,73.2,76.7,59.0,59.1,70,95,51,56,,,,15.7,14.0,18.0,,
2023-03-10T20:59:59+08:00,"2023年3月9日 星期四","2023年3月10日 星期五",2023-03-10 00:15:00,2023-03-10 08:45:00,08:30:00,00:11:00,00:00:00,1,08:19:00,07:57:51,97.8,99.7,05:10:16,05:29:22,00:30:15,01:01:55,61.8,60.6,76.0,77.2,63.0,59.7,93,101,44,55,,,,16.2,13.5,20.0,,
2023-03-11T20:59:59+08:00,"2023年3月10日 星期五","2023年3月11日 星期六",2023-03-11 01:15:00,2023-03-11 09:00:00,07:45:00,00:00:00,00:00:00,1,07:45:00,07:51:51,100.0,99.7,05:16:27,05:25:59,00:30:00,01:04:05,61.1,60.2,,,61.0,59.6,54,92,40,53,,,,16.1,14.5,21.0,,
2023-03-14T20:59:59+08:00,"2023年3月13日 星期一","2023年3月14日 星期二",2023-03-14 00:26:00,2023-03-14 08:00:00,07:34:00,00:00:00,00:00:00,1,07:34:00,07:52:08,100.0,99.7,04:43:35,05:20:23,00:43:56,01:01:45,58.8,59.9,72.5,75.0,60.0,59.7,93,95,63,56,,,,15.9,14.0,20.5,,
2023-03-15T20:59:59+08:00,"2023年3月14日 星期二","2023年3月15日 星期三",2023-03-15 00:03:00,2023-03-15 07:14:00,07:59:00,00:00:00,00:00:00,2,07:59:00,07:50:08,100.0,99.7,06:08:18,05:22:04,01:30:19,00:59:54,59.7,59.9,68.8,74.6,56.0,59.7,83,83,66,54,,,,16.0,14.5,19.0,,
2023-03-16T20:59:59+08:00,"2023年3月15日 星期三","2023年3月16日 星期四",2023-03-16 00:00:00,2023-03-16 08:46:00,09:54:00,00:22:00,00:00:00,2,09:32:00,08:11:42,97.9,99.4,06:11:39,05:30:58,01:00:35,00:57:49,59.1,59.7,73.8,74.5,63.0,60.3,92,80,63,53,,,,15.8,13.5,20.5,,
2023-03-17T20:59:59+08:00,"2023年3月16日 星期四","2023年3月17日 星期五",2023-03-16 23:48:00,2023-03-17 08:15:00,08:27:00,00:00:00,00:00:00,1,08:27:00,08:17:34,100.0,99.4,05:54:48,05:36:14,01:16:49,01:02:21,57.4,59.5,72.3,73.7,59.0,60.1,57,77,47,53,,,,15.8,13.5,18.0,,
2023-03-18T20:59:59+08:00,"2023年3月17日 星期五","2023年3月18日 星期六",2023-03-18 00:37:00,2023-03-18 08:00:00,07:23:00,00:23:00,00:00:00,1,07:00:00,08:05:08,94.8,98.7,04:40:10,05:26:28,01:30:00,01:00:16,56.2,59.2,72.0,73.6,55.0,59.6,95,81,65,55,,,,15.6,13.5,21.0,,
2023-03-19T20:59:59+08:00,"2023年3月18日 星期六","2023年3月19日 星期日",2023-03-18 21:42:00,2023-03-19 08:33:00,10:51:00,03:04:00,00:00:00,1,07:47:00,08:00:34,71.7,94.9,05:25:49,05:28:41,00:15:04,00:58:06,64.2,59.5,77.3,73.8,60.0,59.1,88,80,53,57,,,,15.8,14.0,19.5,,
2023-03-20T20:59:59+08:00,"2023年3月19日 星期日","2023年3月20日 星期一",2023-03-20 00:45:00,2023-03-20 07:45:00,07:44:00,00:00:00,00:00:00,2,07:44:00,08:00:25,100.0,94.9,04:53:13,05:25:22,01:44:40,01:08:46,58.0,59.1,69.5,72.3,59.0,58.9,102,87,68,61,,,,16.2,15.0,20.5,,
2023-03-21T20:59:59+08:00,"2023年3月20日 星期一","2023年3月21日 星期二",2023-03-21 00:02:00,2023-03-21 07:50:00,08:08:00,00:00:00,00:00:00,2,08:08:00,08:05:17,100.0,94.9,05:15:53,05:29:59,00:45:17,01:08:57,61.1,59.4,,,61.0,59.0,88,86,58,60,,,,16.7,14.5,21.5,,
2023-03-23T20:59:59+08:00,"2023年3月22日 星期三","2023年3月23日 星期四",2023-03-23 00:05:00,2023-03-23 08:19:00,08:39:00,00:11:00,00:00:00,2,08:28:00,08:09:25,97.8,94.6,05:23:42,05:23:36,01:02:19,01:04:57,59.2,59.3,73.8,75.7,59.0,59.4,72,85,56,59,,,,15.3,14.0,19.5,,
2023-03-24T20:59:59+08:00,"2023年3月23日 星期四","2023年3月24日 星期五",2023-03-24 00:15:00,2023-03-24 08:00:00,08:09:00,00:36:00,00:00:00,2,07:33:00,07:52:25,92.3,93.8,04:58:59,05:13:14,01:11:10,01:06:28,60.0,59.4,72.6,75.5,76.0,61.3,68,81,51,57,,,,15.1,13.5,18.0,,
2023-03-25T20:59:59+08:00,"2023年3月24日 星期五","2023年3月25日 星期六",2023-03-25 00:09:00,2023-03-25 09:24:00,09:15:00,00:00:00,00:00:00,1,09:15:00,07:59:17,100.0,93.8,05:38:29,05:10:54,00:45:00,01:01:55,60.1,59.8,76.1,76.1,56.0,60.9,74,84,56,58,,,,15.4,13.0,21.5,,
2023-03-26T20:59:59+08:00,"2023年3月25日 星期六","2023年3月26日 星期日",2023-03-26 01:15:00,2023-03-26 09:31:00,08:16:00,00:12:00,00:00:00,1,08:04:00,08:08:25,97.6,94.2,05:11:45,05:15:24,01:15:38,00:59:52,56.4,59.9,71.8,76.1,57.0,61.1,62,79,49,56,,,,15.4,13.0,18.0,,
2023-03-27T20:59:59+08:00,"2023年3月26日 星期日","2023年3月27日 星期一",2023-03-27 00:23:00,2023-03-27 07:50:00,07:27:00,00:00:00,00:00:00,1,07:27:00,08:05:34,100.0,98.2,05:09:41,05:13:06,00:44:42,01:04:06,58.4,59.0,,,60.5,61.2,85,79,50,56,,,,15.3,14.0,18.0,,
2023-03-29T20:59:59+08:00,"2023年3月28日 星期二","2023年3月29日 星期三",2023-03-29 00:23:00,2023-03-29 07:50:00,07:27:00,00:00:00,00:00:00,1,07:27:00,08:03:08,100.0,98.2,04:56:35,05:13:35,,,61.8,59.6,71.6,74.7,57.0,60.9,75,75,57,54,,,,15.7,14.0,21.0,,
2023-03-30T20:59:59+08:00,"2023年3月29日 星期三","2023年3月30日 星期四",2023-03-30 00:25:00,2023-03-30 07:38:00,07:13:00,00:23:00,00:00:00,1,06:50:00,07:52:00,94.7,97.5,05:11:42,05:12:59,01:18:51,01:00:25,60.1,59.4,71.8,71.9,60.0,60.8,100,77,66,55,,,,16.4,14.0,29.0,,
2023-03-31T20:59:59+08:00,"2023年3月30日 星期四","2023年3月31日 星期五",2023-03-30 23:14:00,2023-03-31 08:09:00,10:01:00,01:00:00,00:00:00,2,09:01:00,07:56:42,90.8,96.5,06:04:24,05:18:48,00:47:02,01:00:40,66.3,60.4,72.9,71.8,64.0,61.5,106,81,64,56,,,,15.8,14.5,20.0,,
2023-04-01T20:59:59+08:00,"2023年3月31日 星期五","2023年4月1日 星期六",2023-04-01 00:45:00,2023-04-01 07:35:00,06:50:00,00:00:00,00:00:00,1,06:50:00,07:50:34,100.0,97.6,05:05:16,05:19:42,01:15:56,01:02:37,60.3,60.5,78.3,72.6,56.0,58.6,96,85,64,58,,,,15.7,14.0,20.5,,
2023-04-02T20:59:59+08:00,"2023年4月1日 星期六","2023年4月2日 星期日",2023-04-02 01:15:00,2023-04-02 08:30:00,07:15:00,00:00:00,00:00:00,1,07:15:00,07:33:25,100.0,97.6,04:55:06,05:13:30,00:15:00,00:54:35,64.4,61.1,75.0,72.5,59.0,59.1,91,88,45,56,,,,16.7,14.0,19.5,,
2023-04-03T20:59:59+08:00,"2023年4月2日 星期日","2023年4月3日 星期一",2023-04-03 00:30:00,2023-04-03 07:45:00,07:15:00,00:00:00,00:00:00,1,07:15:00,07:26:25,100.0,97.9,05:15:36,05:14:03,01:00:00,00:56:44,60.2,61.6,69.3,72.1,66.0,60.4,133,98,77,60,,,,16.4,14.0,21.5,,
2023-04-04T20:59:59+08:00,"2023年4月3日 星期一","2023年4月4日 星期二",2023-04-04 00:29:00,2023-04-04 08:00:00,07:31:00,00:00:00,00:00:00,1,07:31:00,07:27:00,100.0,97.9,05:26:15,05:16:25,01:00:08,00:54:31,60.7,62.0,,,62.0,60.6,114,102,71,63,,,,16.3,14.5,21.0,,
2023-04-06T20:59:59+08:00,"2023年4月5日 星期三","2023年4月6日 星期四",2023-04-06 00:15:00,2023-04-06 08:00:00,07:45:00,00:00:00,00:00:00,1,07:45:00,07:29:34,100.0,97.9,05:22:24,05:20:06,01:15:00,00:58:51,55.4,61.1,65.9,72.4,56.0,60.4,83,103,61,64,,,,16.2,14.5,19.0,,
2023-04-07T20:59:59+08:00,"2023年4月6日 星期四","2023年4月7日 星期五",2023-04-07 00:02:00,2023-04-07 08:00:00,07:58:00,00:55:00,00:00:00,1,07:03:00,07:31:25,88.5,97.0,06:00:31,05:27:05,,,128.3,70.8,,,94.0,65.3,62,98,62,63,,,,15.5,13.5,17.5,,
2023-04-09T20:59:59+08:00,"2023年4月8日 星期六","2023年4月9日 星期日",2023-04-09 00:16:00,2023-04-09 07:31:00,07:15:00,00:00:00,00:00:00,1,07:15:00,07:16:17,100.0,98.4,05:23:19,05:21:12,00:45:00,00:54:00,58.9,69.7,71.3,73.9,56.0,64.1,83,94,58,62,,,,16.3,14.0,19.5,,
2023-04-10T20:59:59+08:00,"2023年4月9日 星期日","2023年4月10日 星期一",2023-04-10 00:11:00,2023-04-10 07:46:00,07:35:00,00:00:00,00:00:00,1,07:35:00,07:22:42,100.0,98.4,05:43:55,05:26:44,01:15:50,00:58:07,55.0,69.0,67.4,72.4,49.0,63.1,99,95,65,62,,,,16.2,14.0,23.5,,
2023-04-11T20:59:59+08:00,"2023年4月10日 星期一","2023年4月11日 星期二",2023-04-11 00:15:00,2023-04-11 07:43:00,07:28:00,00:00:00,00:00:00,1,07:28:00,07:24:34,100.0,98.4,04:45:41,05:25:23,01:14:40,00:57:56,54.0,67.5,,,53.5,62.4,117,99,75,67,,,,16.4,14.0,20.5,,
2023-04-13T20:59:59+08:00,"2023年4月12日 星期三","2023年4月13日 星期四",2023-04-13 00:21:00,2023-04-13 07:27:00,07:06:00,00:00:00,00:00:00,1,07:06:00,07:23:17,100.0,98.4,05:10:33,05:24:40,01:13:27,01:06:17,53.1,66.5,65.9,70.8,53.0,60.5,64,89,47,62,,,,16.3,14.0,18.5,,
2023-04-14T20:59:59+08:00,"2023年4月13日 星期四","2023年4月14日 星期五",2023-04-14 00:01:00,2023-04-14 07:34:00,07:33:00,00:00:00,00:00:00,1,07:33:00,07:23:34,100.0,98.4,05:19:26,05:23:41,00:46:52,01:04:25,60.6,66.5,,,59.0,60.1,74,83,47,59,,,,16.4,13.5,20.5,,
2023-04-17T20:59:59+08:00,"2023年4月16日 星期日","2023年4月17日 星期一",2023-04-17 00:02:00,2023-04-17 08:00:00,07:58:00,00:00:00,00:00:00,1,07:58:00,07:25:25,100.0,98.4,06:19:35,05:31:51,01:47:56,01:11:15,55.1,66.4,70.6,70.9,55.0,59.9,91,84,65,60,,,,16.4,14.5,20.5,,
2023-04-18T20:59:59+08:00,"2023年4月17日 星期一","2023年4月18日 星期二",2023-04-18 00:15:00,2023-04-18 07:51:00,07:36:00,00:00:00,00:00:00,1,07:36:00,07:30:08,100.0,100.0,05:15:21,05:25:24,01:16:00,01:11:23,54.6,55.9,66.7,68.4,53.0,54.1,109,91,59,59,,,,16.3,14.5,19.5,,
2023-04-19T20:59:59+08:00,"2023年4月18日 星期二","2023年4月19日 星期三",2023-04-18 23:55:00,2023-04-19 07:28:00,07:33:00,00:00:00,00:00:00,1,07:33:00,07:32:42,100.0,100.0,05:12:08,05:23:48,00:30:12,01:09:16,56.4,55.5,68.7,68.1,51.0,53.4,,,,,,,,16.8,14.0,19.5,,
2023-04-20T20:59:59+08:00,"2023年4月19日 星期三","2023年4月20日 星期四",2023-04-20 00:45:00,2023-04-20 07:45:00,07:00:00,00:00:00,00:00:00,1,07:00:00,07:27:42,100.0,100.0,04:56:52,05:17:05,01:00:00,01:07:01,56.1,55.7,68.3,68.2,57.0,54.5,101,93,81,63,,,,16.3,13.5,19.0,,
2023-04-21T20:59:59+08:00,"2023年4月20日 星期四","2023年4月21日 星期五",2023-04-21 00:12:00,2023-04-21 07:19:00,07:07:00,00:00:00,00:00:00,1,07:07:00,07:24:42,100.0,100.0,05:09:41,05:20:31,00:30:30,01:00:42,54.2,55.7,73.4,69.0,53.0,54.4,150,101,61,62,,,,16.2,14.5,21.0,,
2023-04-22T20:59:59+08:00,"2023年4月21日 星期五","2023年4月22日 星期六",2023-04-21 23:57:00,2023-04-22 09:20:00,09:23:00,00:00:00,00:00:00,1,09:23:00,07:44:17,100.0,100.0,06:41:51,05:33:33,01:31:18,01:03:15,52.9,55.7,66.9,69.1,52.0,54.3,139,104,62,60,,,,16.1,14.5,18.5,,
2023-04-23T20:59:59+08:00,"2023年4月22日 星期六","2023年4月23日 星期日",2023-04-23 00:31:00,2023-04-23 07:50:00,07:19:00,00:00:00,00:00:00,1,07:19:00,07:42:17,100.0,100.0,04:37:43,05:27:36,00:30:17,01:00:53,56.1,55.0,,,54.0,53.6,78,106,60,62,,,,16.1,14.5,20.5,,
2023-04-25T20:59:59+08:00,"2023年4月24日 星期一","2023年4月25日 星期二",2023-04-25 00:37:00,2023-04-25 09:04:00,09:05:00,01:19:00,00:00:00,2,07:46:00,07:40:34,84.4,97.8,04:58:42,05:16:03,00:47:33,00:52:15,58.9,55.6,,,67.0,55.3,147,116,106,71,,,,15.9,14.5,18.0,,
2023-04-28T20:59:59+08:00,"2023年4月27日 星期四","2023年4月28日 星期五",2023-04-28 01:00:00,2023-04-28 07:50:00,07:23:00,00:00:00,00:00:00,2,07:23:00,07:38:42,100.0,97.8,04:59:02,05:13:43,00:45:33,00:47:54,56.5,55.9,,,51.0,55.0,120,120,77,72,,,,16.3,15.0,20.0,,
2023-05-04T20:59:59+08:00,"2023年5月3日 星期三","2023年5月4日 星期四",2023-05-03 22:51:00,2023-05-04 07:15:00,08:24:00,00:28:00,00:00:00,1,07:56:00,07:42:00,94.4,97.0,05:28:16,05:16:01,01:12:07,00:53:54,58.9,56.2,71.0,68.5,54.0,55.4,98,119,63,73,,,,16.6,14.5,21.0,,
2023-05-05T20:59:59+08:00,"2023年5月4日 星期四","2023年5月5日 星期五",2023-05-04 23:30:00,2023-05-05 06:29:00,06:59:00,00:00:00,00:00:00,1,06:59:00,07:41:51,100.0,97.0,05:04:19,05:17:05,01:02:04,00:54:11,55.4,56.1,68.3,68.5,49.0,54.3,89,117,58,70,,,,16.1,14.5,21.0,,
2023-05-06T20:59:59+08:00,"2023年5月5日 星期五","2023年5月6日 星期六",2023-05-05 23:30:00,2023-05-06 07:45:00,08:54:00,00:00:00,00:00:00,2,08:54:00,07:57:08,100.0,97.0,06:02:00,05:24:33,01:43:00,01:04:33,56.8,56.5,67.3,67.6,59.0,55.1,101,110,88,73,,,,16.3,14.5,19.5,,
2023-05-07T20:59:59+08:00,"2023年5月6日 星期六","2023年5月7日 星期日",2023-05-07 00:30:00,2023-05-07 08:21:00,07:51:00,00:00:00,00:00:00,1,07:51:00,07:44:00,100.0,97.0,05:38:06,05:15:27,01:31:10,01:04:32,54.5,56.7,65.7,67.5,52.0,55.1,68,100,54,72,,,,16.6,14.5,21.5,,
2023-05-08T20:59:59+08:00,"2023年5月7日 星期日","2023年5月8日 星期一",2023-05-07 22:52:00,2023-05-08 06:35:00,07:43:00,00:00:00,00:00:00,1,07:43:00,07:47:25,100.0,97.0,05:29:28,05:22:50,01:14:41,01:10:52,51.0,56.0,59.8,65.9,48.0,54.3,96,103,67,73,,,,16.4,14.0,21.5,,
2023-05-09T20:59:59+08:00,"2023年5月8日 星期一","2023年5月9日 星期二",2023-05-08 22:45:00,2023-05-09 06:30:00,07:45:00,00:07:00,00:00:00,1,07:38:00,07:46:17,98.5,99.0,05:38:35,05:28:32,01:01:04,01:12:48,52.7,55.1,62.7,65.5,49.0,51.7,81,93,56,66,,,,16.7,14.5,22.5,,
2023-05-10T20:59:59+08:00,"2023年5月9日 星期二","2023年5月10日 星期三",2023-05-09 23:45:00,2023-05-10 08:15:00,08:30:00,00:00:00,00:00:00,1,08:30:00,07:55:51,100.0,99.0,05:50:03,05:35:50,00:45:00,01:12:43,53.7,54.7,64.3,65.6,55.0,52.3,102,91,63,64,,,,16.7,14.5,18.5,,
2023-05-11T20:59:59+08:00,"2023年5月10日 星期三","2023年5月11日 星期四",2023-05-10 23:37:00,2023-05-11 07:34:00,07:57:00,00:00:00,00:00:00,1,07:57:00,07:56:00,100.0,99.8,05:21:18,05:34:50,00:44:43,01:08:48,52.1,53.7,,,53.0,52.1,82,88,43,62,,,,16.8,14.0,21.0,,
2023-05-15T20:59:59+08:00,"2023年5月14日 星期日","2023年5月15日 星期一",2023-05-14 22:45:00,2023-05-15 07:09:00,08:58:00,00:00:00,00:00:00,2,08:58:00,08:13:00,100.0,99.8,06:10:50,05:44:20,01:31:38,01:13:02,54.2,53.6,67.6,66.2,53.0,52.7,116,92,80,65,,,,16.1,13.5,21.0,,
2023-05-16T20:59:59+08:00,"2023年5月15日 星期一","2023年5月16日 星期二",2023-05-15 23:10:00,2023-05-16 06:30:00,07:20:00,00:00:00,00:00:00,1,07:20:00,07:59:34,100.0,99.8,05:35:19,05:40:31,02:01:23,01:15:39,53.5,53.1,67.6,66.2,52.0,51.7,72,88,56,60,,,,16.9,14.5,20.0,,
2023-05-17T20:59:59+08:00,"2023年5月16日 星期二","2023年5月17日 星期三",2023-05-17 02:05:00,2023-05-17 08:05:00,06:00:00,00:00:00,00:00:00,1,06:00:00,07:43:42,100.0,99.8,04:08:35,05:27:44,01:00:00,01:11:12,54.4,53.1,71.7,67.1,55.0,52.1,93,92,71,62,,,,16.5,13.5,24.0,,
2023-05-18T20:59:59+08:00,"2023年5月17日 星期三","2023年5月18日 星期四",2023-05-17 22:43:00,2023-05-18 06:45:00,08:02:00,00:00:00,00:00:00,1,08:02:00,07:46:25,100.0,99.8,05:47:45,05:30:21,01:30:22,01:13:27,54.9,53.6,65.5,67.9,50.0,52.4,64,87,50,60,,,,16.5,14.5,19.5,,
2023-05-19T20:59:59+08:00,"2023年5月18日 星期四","2023年5月19日 星期五",2023-05-18 23:25:00,2023-05-19 07:15:00,07:50:00,00:00:00,00:00:00,1,07:50:00,07:48:08,100.0,100.0,05:33:07,05:29:34,00:29:22,01:08:55,58.2,54.4,,,55.0,53.3,109,91,72,62,,,,16.5,14.5,20.0,,
2023-05-21T20:59:59+08:00,"2023年5月20日 星期六","2023年5月21日 星期日",2023-05-21 00:30:00,2023-05-21 08:26:00,07:56:00,00:00:00,00:00:00,1,07:56:00,07:43:17,100.0,100.0,05:56:44,05:30:31,01:32:08,01:15:39,53.7,54.4,72.3,70.3,52.0,52.9,83,88,71,63,,,,16.2,14.0,17.5,,
2023-05-22T20:59:59+08:00,"2023年5月21日 星期日","2023年5月22日 星期一",2023-05-21 22:59:00,2023-05-22 07:25:00,08:43:00,00:00:00,00:00:00,2,08:43:00,07:49:51,100.0,100.0,06:19:00,05:38:46,01:08:02,01:18:59,58.0,55.3,65.1,68.8,58.0,53.6,95,90,61,66,,,,16.2,14.5,20.5,,
2023-05-23T20:59:59+08:00,"2023年5月22日 星期一","2023年5月23日 星期二",2023-05-22 23:23:00,2023-05-23 07:19:00,07:56:00,00:00:00,00:00:00,1,07:56:00,07:41:00,100.0,100.0,05:17:36,05:31:09,00:44:38,01:12:16,55.4,55.5,65.6,68.5,53.0,53.6,116,90,64,64,,,,16.9,14.0,23.5,,
2023-05-24T20:59:59+08:00,"2023年5月23日 星期二","2023年5月24日 星期三",2023-05-23 23:27:00,2023-05-24 07:28:00,08:01:00,00:00:00,00:00:00,1,08:01:00,07:46:51,100.0,100.0,05:01:32,05:26:20,00:43:44,01:01:10,54.9,55.7,65.2,68.2,52.0,53.6,93,93,59,64,,,,16.3,14.5,19.0,,
2023-05-25T20:59:59+08:00,"2023年5月24日 星期三","2023年5月25日 星期四",2023-05-24 23:30:00,2023-05-25 07:00:00,07:30:00,00:00:00,00:00:00,1,07:30:00,07:59:42,100.0,100.0,05:29:39,05:37:55,01:30:00,01:05:28,52.6,55.4,68.2,67.7,52.0,53.1,88,93,74,64,,,,16.6,14.5,21.5,,
2023-05-26T20:59:59+08:00,"2023年5月25日 星期四","2023年5月26日 星期五",2023-05-26 00:07:00,2023-05-26 08:12:00,08:05:00,00:00:00,00:00:00,1,08:05:00,08:00:08,100.0,100.0,05:56:38,05:39:11,01:13:29,01:03:03,52.2,55.0,,,53.0,53.6,76,94,54,65,,,,16.5,13.5,20.5,,
2023-05-28T20:59:59+08:00,"2023年5月27日 星期六","2023年5月28日 星期日",2023-05-28 00:34:00,2023-05-28 07:30:00,06:56:00,00:00:00,00:00:00,1,06:56:00,07:52:25,100.0,100.0,04:42:25,05:31:56,01:14:17,01:09:28,52.5,54.2,62.4,67.0,52.0,53.1,115,95,68,64,,,,16.4,14.5,22.0,,
2023-05-29T20:59:59+08:00,"2023年5月28日 星期日","2023年5月29日 星期一",2023-05-28 23:00:00,2023-05-29 08:02:00,09:02:00,02:30:00,00:00:00,1,06:32:00,07:40:25,72.3,96.0,04:33:27,05:20:03,00:45:14,01:02:46,54.0,54.2,68.6,66.4,56.0,53.7,80,95,74,65,,,,17.4,15.0,25.0,,
2023-05-30T20:59:59+08:00,"2023年5月29日 星期一","2023年5月30日 星期二",2023-05-29 23:15:00,2023-05-30 07:41:00,08:26:00,00:15:00,00:00:00,1,08:11:00,07:35:51,97.0,95.6,05:32:29,05:13:24,00:29:45,00:57:18,52.3,53.4,67.6,66.8,52.0,52.9,90,94,55,64,,,,16.9,14.5,23.0,,
2023-05-31T20:59:59+08:00,"2023年5月30日 星期二","2023年5月31日 星期三",2023-05-30 23:29:00,2023-05-31 07:12:00,07:43:00,00:00:00,00:00:00,1,07:43:00,07:34:00,100.0,95.6,05:12:48,05:12:43,01:48:02,01:06:21,55.3,53.4,,,54.0,53.0,92,90,64,64,,,,16.7,14.5,22.0,,
2023-06-05T20:59:59+08:00,"2023年6月4日 星期日","2023年6月5日 星期一",2023-06-04 23:45:00,2023-06-05 07:45:00,08:00:00,00:00:00,00:00:00,1,08:00:00,07:33:51,100.0,95.6,05:58:50,05:20:54,02:00:00,01:17:15,56.3,53.6,70.4,67.6,56.0,53.6,60,86,52,63,,,,15.9,13.5,19.5,,
2023-06-06T20:59:59+08:00,"2023年6月5日 星期一","2023年6月6日 星期二",2023-06-06 00:51:00,2023-06-06 08:05:00,07:36:00,00:00:00,00:00:00,2,07:36:00,07:34:42,100.0,95.6,05:19:12,05:19:24,01:10:52,01:14:31,55.6,54.0,,,55.0,54.0,145,94,72,63,,,,16.4,14.5,19.5,,
2023-06-10T20:59:59+08:00,"2023年6月9日 星期五","2023年6月10日 星期六",2023-06-10 01:15:00,2023-06-10 06:49:00,05:34:00,00:00:00,00:00:00,1,05:34:00,07:13:08,100.0,95.6,03:58:50,05:02:35,01:00:44,01:12:42,53.2,54.2,,,51.0,53.7,72,93,58,63,,,,17.0,15.0,20.5,,
2023-06-13T20:59:59+08:00,"2023年6月12日 星期一","2023年6月13日 星期二",2023-06-13 00:00:00,2023-06-13 07:29:00,07:29:00,00:00:00,00:00:00,1,07:29:00,07:17:51,100.0,95.6,05:12:28,05:06:52,00:46:27,01:08:43,51.3,54.0,64.2,67.2,50.0,53.4,131,96,88,66,,,,16.3,14.5,19.0,,
2023-06-14T20:59:59+08:00,"2023年6月13日 星期二","2023年6月14日 星期三",2023-06-14 00:05:00,2023-06-14 07:33:00,07:28:00,00:00:00,00:00:00,1,07:28:00,07:25:51,100.0,99.6,05:14:06,05:12:41,01:14:40,01:12:55,51.6,53.7,,,52.0,52.9,161,107,91,69,,,,16.6,14.5,23.0,,
2023-06-16T20:59:59+08:00,"2023年6月15日 星期四","2023年6月16日 星期五",2023-06-16 01:01:00,2023-06-16 07:50:00,06:49:00,00:00:00,00:00:00,1,06:49:00,07:14:08,100.0,100.0,04:58:48,05:07:52,00:30:18,01:13:00,50.8,53.4,66.2,66.7,50.0,52.6,126,112,66,70,,,,16.5,14.5,20.5,,
2023-06-17T20:59:59+08:00,"2023年6月16日 星期五","2023年6月17日 星期六",2023-06-17 00:39:00,2023-06-17 05:18:00,04:39:00,00:00:00,00:00:00,1,04:39:00,06:47:51,100.0,100.0,03:29:05,04:53:03,01:13:25,01:08:03,54.0,53.3,67.5,66.8,48.0,51.7,75,110,57,69,,,,17.1,15.0,20.0,,
2023-06-18T20:59:59+08:00,"2023年6月17日 星期六","2023年6月18日 星期日",2023-06-18 02:41:00,2023-06-18 04:32:00,01:51:00,00:00:00,00:00:00,1,01:51:00,05:55:08,100.0,100.0,01:56:58,04:18:30,01:35:09,01:04:30,54.0,52.9,,,52.0,51.1,72,112,59,70,,,,16.6,15.0,18.0,,
2023-06-22T20:59:59+08:00,"2023年6月21日 星期三","2023年6月22日 星期四",2023-06-22 00:45:00,2023-06-22 08:47:00,08:02:00,00:00:00,00:00:00,1,08:02:00,05:58:51,100.0,100.0,05:28:01,04:19:45,01:00:15,01:02:59,54.5,52.8,,,56.0,51.3,94,104,73,70,,,,16.6,14.5,20.0,,
2023-06-24T20:59:59+08:00,"2023年6月23日 星期五","2023年6月24日 星期六",2023-06-24 03:27:00,2023-06-24 09:58:00,06:31:00,00:00:00,00:00:00,1,06:31:00,06:07:00,100.0,100.0,04:22:19,04:23:06,01:26:53,01:06:43,52.8,52.7,,,52.0,51.4,131,113,67,72,,,,16.9,14.5,19.0,,
2023-06-26T20:59:59+08:00,"2023年6月25日 星期日","2023年6月26日 星期一",2023-06-26 00:45:00,2023-06-26 07:54:00,07:09:00,00:00:00,00:00:00,1,07:09:00,06:04:08,100.0,100.0,05:25:58,04:25:02,01:16:36,01:11:02,52.8,52.9,,,52.0,51.7,83,106,53,67,,,,16.9,15.0,23.5,,
2023-06-29T20:59:59+08:00,"2023年6月28日 星期三","2023年6月29日 星期四",2023-06-28 23:15:00,2023-06-29 07:44:00,08:29:00,00:15:00,00:00:00,1,08:14:00,06:10:42,97.1,99.6,05:28:01,04:27:01,01:14:51,01:11:03,54.6,53.4,67.3,71.0,52.0,51.7,72,93,54,61,,,,16.5,14.5,21.5,,
2023-06-30T20:59:59+08:00,"2023年6月29日 星期四","2023年6月30日 星期五",2023-06-29 23:15:00,2023-06-30 07:33:00,08:18:00,00:43:00,00:00:00,1,07:35:00,06:17:17,91.4,98.3,05:22:53,04:30:28,01:34:08,01:20:11,55.8,54.1,,,51.0,51.9,81,87,58,60,,,,16.6,15.0,22.5,,
2023-07-03T20:59:59+08:00,"2023年7月2日 星期日","2023年7月3日 星期一",2023-07-02 22:45:00,2023-07-03 07:42:00,08:57:00,00:00:00,00:00:00,1,08:57:00,06:54:08,100.0,98.3,06:40:42,04:57:50,01:47:24,01:25:02,51.4,53.7,67.7,71.3,52.0,52.4,68,86,44,58,,,,16.2,13.5,20.5,,
2023-07-04T20:59:59+08:00,"2023年7月3日 星期一","2023年7月4日 星期二",2023-07-03 23:58:00,2023-07-04 07:57:00,07:59:00,00:15:00,00:00:00,1,07:44:00,07:44:34,96.9,97.9,05:22:48,05:27:15,00:29:56,01:15:43,55.5,53.9,68.0,68.5,53.0,52.6,46,82,34,55,,,,16.5,14.5,20.5,,
2023-07-05T20:59:59+08:00,"2023年7月4日 星期二","2023年7月5日 星期三",2023-07-04 23:45:00,2023-07-05 07:40:00,07:55:00,00:00:00,00:00:00,1,07:55:00,07:43:34,100.0,97.9,05:21:04,05:26:15,01:01:17,01:15:52,55.2,54.0,68.0,67.8,55.0,52.4,84,81,51,52,,,,16.8,14.0,24.0,,
2023-07-06T20:59:59+08:00,"2023年7月5日 星期三","2023年7月6日 星期四",2023-07-06 02:00:00,2023-07-06 08:14:00,06:14:00,00:00:00,00:00:00,1,06:14:00,07:41:08,100.0,97.9,04:28:48,05:27:10,01:02:20,01:12:21,57.4,54.7,,,57.0,53.1,66,72,45,48,,,,15.1,13.0,20.0,,
2023-07-13T20:59:59+08:00,"2023年7月12日 星期三","2023年7月13日 星期四",2023-07-13 03:45:00,2023-07-13 08:00:00,04:15:00,00:00:00,00:00:00,1,04:15:00,07:16:17,100.0,97.9,03:05:36,05:07:07,01:00:00,01:09:59,56.6,55.2,,,54.0,53.4,85,72,71,51,,,,15.5,14.0,20.5,,
2023-07-18T20:59:59+08:00,"2023年7月17日 星期一","2023年7月18日 星期二",2023-07-18 00:30:00,2023-07-18 08:00:00,07:30:00,00:00:00,00:00:00,1,07:30:00,07:10:00,100.0,98.3,05:24:46,05:06:39,00:45:00,01:05:43,53.7,55.1,68.1,68.0,54.0,53.7,76,72,62,52,,,,16.0,13.0,22.5,,
2023-07-19T20:59:59+08:00,"2023年7月18日 星期二","2023年7月19日 星期三",2023-07-19 00:30:00,2023-07-19 07:40:00,07:43:00,00:00:00,00:00:00,2,07:43:00,07:11:08,100.0,99.6,05:54:37,05:11:11,02:19:21,01:12:11,53.4,54.8,,,53.0,54.0,164,84,79,55,,,,15.7,13.5,18.5,,
2023-07-21T20:59:59+08:00,"2023年7月20日 星期四","2023年7月21日 星期五",2023-07-21 00:08:00,2023-07-21 07:45:00,08:08:00,00:34:00,00:00:00,2,07:34:00,06:59:17,92.6,98.5,05:43:20,05:03:00,01:18:20,01:08:02,54.8,55.2,69.2,68.4,54.0,54.3,106,90,62,58,,,,15.8,13.5,20.5,,
2023-07-22T20:59:59+08:00,"2023年7月21日 星期五","2023年7月22日 星期六",2023-07-22 01:07:00,2023-07-22 08:00:00,06:53:00,00:00:00,00:00:00,1,06:53:00,06:52:00,100.0,98.9,04:29:05,04:55:19,00:59:00,01:12:11,56.9,55.4,,,51.0,54.0,58,91,49,60,,,,15.2,13.5,20.5,,
2023-07-26T20:59:59+08:00,"2023年7月25日 星期二","2023年7月26日 星期三",2023-07-26 00:23:00,2023-07-26 07:43:00,07:20:00,00:00:00,00:00:00,1,07:20:00,06:47:00,100.0,98.9,05:28:19,04:56:21,01:34:17,01:16:54,52.7,55.1,,,52.0,53.6,57,88,49,59,,,,15.7,13.5,21.0,,
2023-08-05T20:59:59+08:00,"2023年8月4日 星期五","2023年8月5日 星期六",2023-08-04 23:31:00,2023-08-05 05:57:00,06:26:00,00:00:00,00:00:00,1,06:26:00,06:48:42,100.0,98.9,04:58:24,05:00:35,02:03:31,01:25:38,54.5,54.7,75.2,71.9,52.0,52.9,79,89,47,60,,,,15.9,14.0,19.0,,
2023-08-06T20:59:59+08:00,"2023年8月5日 星期六","2023年8月6日 星期日",2023-08-05 22:28:00,2023-08-06 07:32:00,09:04:00,00:01:00,00:00:00,1,09:03:00,07:29:51,99.8,98.9,07:06:57,05:35:04,02:35:09,01:39:14,52.3,54.0,68.5,71.9,53.0,52.7,180,103,110,65,,,,16.0,13.5,18.5,,
2023-08-07T20:59:59+08:00,"2023年8月6日 星期日","2023年8月7日 星期一",2023-08-06 23:30:00,2023-08-07 07:37:00,08:07:00,00:00:00,00:00:00,1,08:07:00,07:35:08,100.0,98.9,06:32:24,05:44:44,02:16:58,01:52:22,54.2,54.1,66.6,71.7,51.9,52.4,97,106,50,64,,,,15.8,12.5,21.0,,
2023-08-08T20:59:59+08:00,"2023年8月7日 星期一","2023年8月8日 星期二",2023-08-08 00:15:00,2023-08-08 08:00:00,07:45:00,00:00:00,00:00:00,1,07:45:00,07:35:25,100.0,98.9,05:45:59,05:43:30,01:00:00,01:41:02,54.1,54.2,68.3,71.6,58.0,53.1,176,108,79,64,,,,16.3,14.0,28.5,,
2023-08-09T20:59:59+08:00,"2023年8月8日 星期二","2023年8月9日 星期三",2023-08-09 00:30:00,2023-08-09 07:20:00,06:50:00,00:00:00,00:00:00,1,06:50:00,07:29:08,100.0,100.0,04:59:54,05:37:17,00:30:22,01:34:11,53.0,54.0,66.8,71.2,50.0,52.6,136,112,69,65,,,,15.6,13.0,18.5,,
2023-08-10T20:59:59+08:00,"2023年8月9日 星期三","2023年8月10日 星期四",2023-08-10 00:00:00,2023-08-10 08:00:00,08:00:00,00:01:00,00:00:00,1,07:59:00,07:38:34,99.8,99.9,05:39:30,05:47:21,00:46:21,01:32:22,55.6,53.8,,,56.0,53.3,127,122,69,68,,,,15.8,13.5,19.0,,
2023-08-14T20:59:59+08:00,"2023年8月13日 星期日","2023年8月14日 星期一",2023-08-13 23:30:00,2023-08-14 08:15:00,09:05:00,00:00:00,00:00:00,2,09:05:00,07:53:34,100.0,99.9,06:51:56,05:59:18,02:10:00,01:37:28,53.8,53.9,70.9,70.2,51.0,53.1,141,134,75,71,,,,15.7,14.0,19.0,,
2023-08-15T20:59:59+08:00,"2023年8月14日 星期一","2023年8月15日 星期二",2023-08-14 23:24:00,2023-08-15 07:38:00,08:47:00,00:00:00,00:00:00,2,08:47:00,08:13:42,100.0,99.9,06:47:48,06:14:55,01:32:38,01:33:04,55.9,54.1,71.4,69.7,54.0,53.4,189,149,73,75,,,,16.4,14.0,20.5,,
2023-08-16T20:59:59+08:00,"2023年8月15日 星期二","2023年8月16日 星期三",2023-08-16 00:06:00,2023-08-16 07:37:00,07:31:00,00:00:00,00:00:00,1,07:31:00,08:00:34,100.0,100.0,05:36:43,06:02:02,01:15:10,01:21:38,55.0,54.5,,,54.0,53.6,101,138,72,70,,,,16.1,13.0,22.0,,
2023-08-18T20:59:59+08:00,"2023年8月17日 星期四","2023年8月18日 星期五",2023-08-18 00:05:00,2023-08-18 08:15:00,08:10:00,00:00:00,00:00:00,1,08:10:00,08:01:00,100.0,100.0,05:50:44,05:56:05,01:43:56,01:16:55,57.8,55.0,66.8,69.8,107.0,61.4,111,140,67,72,,,,16.2,14.0,24.0,,
2023-08-19T20:59:59+08:00,"2023年8月18日 星期五","2023年8月19日 星期六",2023-08-19 01:24:00,2023-08-19 08:20:00,06:56:00,00:11:00,00:00:00,1,06:45:00,07:52:25,97.4,99.6,05:04:42,05:50:11,01:02:18,01:17:15,53.5,54.9,80.0,71.5,53.0,60.7,49,122,42,67,,,,16.1,14.0,22.0,,
2023-08-20T20:59:59+08:00,"2023年8月19日 星期六","2023年8月20日 星期日",2023-08-19 23:41:00,2023-08-20 08:44:00,09:03:00,00:00:00,00:00:00,1,09:03:00,08:11:25,100.0,99.6,06:58:27,06:07:07,01:33:05,01:26:12,53.5,55.0,78.7,73.2,55.0,61.4,69,112,50,64,,,,15.8,12.5,21.0,,
2023-08-21T20:59:59+08:00,"2023年8月20日 星期日","2023年8月21日 星期一",2023-08-21 00:45:00,2023-08-21 07:45:00,07:00:00,00:00:00,00:00:00,1,07:00:00,08:03:00,100.0,99.6,05:09:47,06:02:52,01:45:00,01:34:35,54.7,54.9,69.2,72.3,53.0,61.0,74,105,45,61,,,,16.1,13.5,19.5,,
2023-08-22T20:59:59+08:00,"2023年8月21日 星期一","2023年8月22日 星期二",2023-08-22 00:30:00,2023-08-22 07:45:00,07:15:00,00:12:00,00:00:00,1,07:03:00,07:45:34,97.2,99.2,05:01:58,05:47:10,01:30:39,01:28:58,54.5,55.0,,,52.0,61.1,74,95,52,57,,,,16.4,14.5,22.0,,
2023-08-24T20:59:59+08:00,"2023年8月23日 星期三","2023年8月24日 星期四",2023-08-24 00:06:00,2023-08-24 07:30:00,07:24:00,00:00:00,00:00:00,1,07:24:00,07:33:42,100.0,99.2,05:33:33,05:36:33,01:31:52,01:28:51,56.4,55.0,68.1,71.8,52.7,61.0,99,82,63,56,,,,15.9,13.0,20.0,,
2023-08-25T20:59:59+08:00,"2023年8月24日 星期四","2023年8月25日 星期五",2023-08-25 00:00:00,2023-08-25 07:48:00,07:48:00,00:00:00,00:00:00,1,07:48:00,07:36:08,100.0,99.2,05:52:10,05:38:46,00:45:17,01:24:35,58.2,55.5,,,56.0,61.2,94,81,67,55,,,,16.3,14.5,20.5,,
2023-08-27T20:59:59+08:00,"2023年8月26日 星期六","2023年8月27日 星期日",2023-08-27 00:21:00,2023-08-27 07:23:00,07:02:00,00:33:00,00:00:00,1,06:29:00,07:21:42,92.2,98.1,04:50:35,05:30:10,01:29:46,01:22:33,55.6,55.2,82.3,75.9,53.3,53.6,64,75,45,52,,,,16.5,14.5,23.5,,
2023-08-28T20:59:59+08:00,"2023年8月27日 星期日","2023年8月28日 星期一",2023-08-27 22:09:00,2023-08-28 07:15:00,09:06:00,01:29:00,00:00:00,1,07:37:00,07:29:08,83.7,96.2,05:30:37,05:33:52,00:45:42,01:20:11,57.3,55.7,70.2,74.5,54.0,53.7,83,80,63,55,,,,16.1,14.0,21.5,,
2023-08-29T20:59:59+08:00,"2023年8月28日 星期一","2023年8月29日 星期二",2023-08-28 23:30:00,2023-08-29 07:35:00,08:35:00,00:11:00,00:00:00,2,08:24:00,07:23:34,97.7,95.8,06:12:11,05:27:16,00:45:52,01:13:26,55.4,56.0,65.6,72.6,54.0,53.6,102,84,63,57,,,,16.4,14.5,20.5,,
2023-08-30T20:59:59+08:00,"2023年8月29日 星期二","2023年8月30日 星期三",2023-08-30 00:13:00,2023-08-30 08:00:00,07:47:00,00:00:00,00:00:00,1,07:47:00,07:30:17,100.0,95.8,05:51:04,05:33:10,01:42:09,01:13:02,56.1,56.2,71.8,73.0,54.0,53.7,60,82,43,57,,,,16.4,14.0,20.0,,
2023-08-31T20:59:59+08:00,"2023年8月30日 星期三","2023年8月31日 星期四",2023-08-31 00:30:00,2023-08-31 07:49:00,07:19:00,00:00:00,00:00:00,1,07:19:00,07:32:34,100.0,96.2,05:36:23,05:38:05,01:30:50,01:13:04,54.5,56.2,70.7,73.0,54.0,54.0,56,80,43,55,,,,16.2,14.5,24.0,,
2023-09-01T20:59:59+08:00,"2023年8月31日 星期四","2023年9月1日 星期五",2023-09-01 00:51:00,2023-09-01 07:50:00,06:59:00,00:00:00,00:00:00,1,06:59:00,07:29:00,100.0,96.2,04:41:19,05:30:37,00:44:54,01:06:21,54.2,55.9,,,53.0,54.0,83,77,60,55,,,,16.7,15.0,21.0,,
2023-09-03T20:59:59+08:00,"2023年9月2日 星期六","2023年9月3日 星期日",2023-09-03 00:30:00,2023-09-03 08:50:00,08:20:00,00:00:00,00:00:00,1,08:20:00,07:33:34,100.0,96.2,06:44:00,05:38:01,02:01:13,01:17:12,59.4,56.1,,,58.0,54.3,49,71,41,51,,,,16.2,14.5,21.5,,
2023-09-05T20:59:59+08:00,"2023年9月4日 星期一","2023年9月5日 星期二",2023-09-05 00:12:00,2023-09-05 07:48:00,07:36:00,00:00:00,00:00:00,1,07:36:00,07:43:08,100.0,97.3,05:39:41,05:45:02,01:31:12,01:17:24,54.0,55.8,71.9,71.9,53.0,54.3,225,94,88,57,,,,16.3,14.5,21.0,,
2023-09-06T20:59:59+08:00,"2023年9月5日 星期二","2023年9月6日 星期三",2023-09-06 00:16:00,2023-09-06 07:30:00,07:14:00,00:00:00,00:00:00,1,07:14:00,07:39:51,100.0,99.7,05:11:45,05:42:20,00:59:52,01:19:26,54.4,55.4,64.4,71.1,50.4,53.8,119,99,64,57,,,,16.1,14.0,22.5,,
2023-09-07T20:59:59+08:00,"2023年9月6日 星期三","2023年9月7日 星期四",2023-09-07 00:13:00,2023-09-07 07:30:00,07:17:00,00:00:00,00:00:00,1,07:17:00,07:30:17,100.0,100.0,05:20:49,05:35:00,01:00:17,01:21:29,55.3,55.4,,,54.0,53.8,93,98,52,56,,,,16.6,13.5,23.5,,
2023-09-11T20:59:59+08:00,"2023年9月10日 星期日","2023年9月11日 星期一",2023-09-11 00:45:00,2023-09-11 07:45:00,07:18:00,00:00:00,00:00:00,2,07:18:00,07:26:08,100.0,100.0,05:20:15,05:30:36,01:24:00,01:18:54,57.7,55.6,70.3,72.8,54.0,53.8,66,99,51,57,,,,16.2,14.0,20.0,,
2023-09-12T20:59:59+08:00,"2023年9月11日 星期一","2023年9月12日 星期二",2023-09-12 00:15:00,2023-09-12 07:25:00,07:10:00,00:00:00,00:00:00,1,07:10:00,07:24:51,100.0,100.0,05:32:06,05:29:59,01:47:30,01:21:16,58.3,56.2,73.1,73.2,55.0,53.9,67,100,49,58,,,,16.3,13.5,21.0,,
2023-09-13T20:59:59+08:00,"2023年9月12日 星期二","2023年9月13日 星期三",2023-09-13 01:40:00,2023-09-13 08:17:00,06:37:00,00:00:00,00:00:00,1,06:37:00,07:21:42,100.0,100.0,04:52:53,05:31:39,00:44:07,01:21:10,55.7,56.4,70.4,71.5,58.0,54.6,59,97,45,56,,,,16.6,14.5,19.0,,
2023-09-14T20:59:59+08:00,"2023年9月13日 星期三","2023年9月14日 星期四",2023-09-14 01:32:00,2023-09-14 09:09:00,08:00:00,00:06:00,00:00:00,2,07:54:00,07:18:00,98.7,99.8,05:42:11,05:22:49,01:02:12,01:12:44,58.1,56.2,72.3,71.7,80.0,57.8,82,102,68,60,,,,16.3,14.5,20.0,,
2023-09-15T20:59:59+08:00,"2023年9月14日 星期四","2023年9月15日 星期五",2023-09-15 00:15:00,2023-09-15 07:30:00,07:15:00,00:00:00,00:00:00,1,07:15:00,07:15:00,100.0,99.8,05:32:52,05:21:50,01:15:00,01:10:25,57.2,56.7,74.8,72.1,53.0,57.8,63,78,49,54,,,,16.0,14.0,20.0,,
2023-09-16T20:59:59+08:00,"2023年9月15日 星期五","2023年9月16日 星期六",2023-09-16 00:37:00,2023-09-16 09:11:00,08:34:00,00:25:00,00:00:00,1,08:09:00,07:22:51,95.1,99.1,05:53:02,05:27:44,02:06:12,01:19:54,59.1,57.3,79.7,74.3,,,74,72,58,53,,,,16.5,15.5,21.0,,
2023-09-17T20:59:59+08:00,"2023年9月16日 星期六","2023年9月17日 星期日",2023-09-16 23:00:00,2023-09-17 08:45:00,09:45:00,00:00:00,00:00:00,1,09:45:00,07:44:00,100.0,99.1,06:54:08,05:41:04,01:30:00,01:24:08,58.4,57.8,84.3,75.0,59.0,59.0,118,76,69,56,,,,16.1,13.5,20.5,,
2023-09-18T20:59:59+08:00,"2023年9月17日 星期日","2023年9月18日 星期一",2023-09-17 23:24:00,2023-09-18 07:45:00,08:21:00,00:30:00,00:00:00,1,07:51:00,07:48:42,94.0,98.3,05:51:30,05:45:32,01:57:45,01:28:58,63.3,58.6,75.5,75.7,62.0,60.1,51,73,42,54,,,,17.1,15.0,23.5,,
2023-09-19T20:59:59+08:00,"2023年9月18日 星期一","2023年9月19日 星期二",2023-09-19 00:18:00,2023-09-19 07:30:00,07:37:00,00:01:00,00:00:00,2,07:36:00,07:52:25,99.8,98.2,05:18:37,05:43:36,01:01:34,01:22:24,58.8,58.7,,,58.0,60.7,64,73,47,54,,,,16.9,15.5,21.5,,
2023-09-21T20:59:59+08:00,"2023年9月20日 星期三","2023年9月21日 星期四",2023-09-20 23:51:00,2023-09-21 07:45:00,07:54:00,00:00:00,00:00:00,1,07:54:00,08:03:25,100.0,98.2,05:24:23,05:48:06,01:28:52,01:28:47,56.0,58.7,73.6,76.3,52.0,60.3,67,74,52,55,,,,16.8,15.5,19.5,,
2023-09-22T20:59:59+08:00,"2023年9月21日 星期四","2023年9月22日 星期五",2023-09-21 23:43:00,2023-09-22 07:16:00,07:33:00,00:00:00,00:00:00,1,07:33:00,08:00:25,100.0,98.4,05:36:00,05:47:13,01:30:36,01:32:51,57.2,58.6,74.5,76.6,57.0,60.1,58,71,48,52,,,,16.5,14.5,19.5,,
2023-09-23T20:59:59+08:00,"2023年9月22日 星期五","2023年9月23日 星期六",2023-09-23 01:45:00,2023-09-23 08:16:00,06:31:00,00:00:00,00:00:00,1,06:31:00,07:54:08,100.0,98.4,04:31:14,05:38:25,00:45:07,01:28:35,55.4,58.3,66.0,75.4,55.0,56.6,68,72,44,52,,,,16.8,14.5,22.5,,
2023-09-24T20:59:59+08:00,"2023年9月23日 星期六","2023年9月24日 星期日",2023-09-24 00:30:00,2023-09-24 08:19:00,08:21:00,00:00:00,00:00:00,2,08:21:00,07:55:51,100.0,99.1,06:04:42,05:40:05,01:00:31,01:19:12,53.5,57.5,67.8,73.6,53.0,56.6,77,72,62,52,,,,16.1,13.5,21.0,,
2023-09-25T20:59:59+08:00,"2023年9月24日 星期日","2023年9月25日 星期一",2023-09-25 01:07:00,2023-09-25 07:27:00,06:42:00,00:00:00,00:00:00,2,06:42:00,07:29:42,100.0,99.1,04:45:33,05:21:42,01:16:00,01:17:12,54.4,56.9,69.7,71.6,52.8,55.7,93,68,68,52,,,,16.8,14.0,25.0,,
2023-09-26T20:59:59+08:00,"2023年9月25日 星期一","2023年9月26日 星期二",2023-09-26 01:00:00,2023-09-26 07:45:00,06:45:00,00:00:00,00:00:00,1,06:45:00,07:20:17,100.0,100.0,05:18:14,05:16:57,02:00:00,01:17:31,55.9,55.9,68.5,70.6,57.0,55.0,82,73,59,54,,,,16.9,14.5,24.5,,
2023-09-27T20:59:59+08:00,"2023年9月26日 星期二","2023年9月27日 星期三",2023-09-26 23:45:00,2023-09-27 08:01:00,08:16:00,00:00:00,00:00:00,1,08:16:00,07:26:00,100.0,100.0,06:19:00,05:25:35,01:45:13,01:23:45,53.3,55.1,,,52.0,54.1,68,74,52,55,,,,16.8,15.0,19.5,,
2023-09-29T20:59:59+08:00,"2023年9月28日 星期四","2023年9月29日 星期五",2023-09-29 01:34:00,2023-09-29 07:10:00,05:36:00,00:00:00,00:00:00,1,05:36:00,07:06:17,100.0,100.0,04:01:40,05:13:46,00:30:33,01:15:25,53.9,54.8,70.9,70.3,52.0,54.1,48,71,43,54,,,,17.0,15.5,19.0,,
2023-09-30T20:59:59+08:00,"2023年9月29日 星期五","2023年9月30日 星期六",2023-09-30 01:45:00,2023-09-30 09:02:00,07:17:00,00:22:00,00:00:00,1,06:55:00,07:00:51,95.0,99.3,05:14:38,05:10:43,01:14:06,01:13:04,52.6,54.1,,,53.0,53.5,63,71,48,54,,,,17.0,15.0,23.0,,
2023-10-02T20:59:59+08:00,"2023年10月1日 星期日","2023年10月2日 星期一",2023-10-02 00:30:00,2023-10-02 09:03:00,08:33:00,00:44:00,00:00:00,1,07:49:00,07:12:00,91.4,98.1,05:52:39,05:22:21,01:30:46,01:19:35,57.1,54.4,74.0,71.0,51.2,53.0,140,82,61,56,,,,17.4,15.5,23.5,,
2023-10-03T20:59:59+08:00,"2023年10月2日 星期一","2023年10月3日 星期二",2023-10-03 00:30:00,2023-10-03 06:00:00,05:30:00,00:00:00,00:00:00,1,05:30:00,06:47:34,100.0,98.1,04:24:14,05:08:00,01:45:00,01:25:56,55.4,54.7,77.8,72.5,51.0,52.7,70,81,60,56,,,,17.5,15.5,23.0,,
2023-10-04T20:59:59+08:00,"2023年10月3日 星期二","2023年10月4日 星期三",2023-10-04 02:23:00,2023-10-04 10:02:00,07:39:00,00:26:00,00:00:00,1,07:13:00,06:52:00,94.3,97.2,05:09:36,05:11:26,01:44:31,01:30:01,56.8,55.0,,,57.0,53.3,96,81,82,58,,,,16.5,14.0,21.5,,
2023-10-06T20:59:59+08:00,"2023年10月5日 星期四","2023年10月6日 星期五",2023-10-06 01:00:00,2023-10-06 08:45:00,07:45:00,00:02:00,00:00:00,1,07:43:00,07:00:17,99.6,97.2,05:58:59,05:17:15,01:17:10,01:23:54,66.0,56.5,85.5,75.6,59.0,53.6,47,76,36,55,,,,16.9,14.5,20.0,,
2023-10-07T20:59:59+08:00,"2023年10月6日 星期五","2023年10月7日 星期六",2023-10-06 23:30:00,2023-10-07 07:03:00,07:33:00,00:00:00,00:00:00,1,07:33:00,06:54:08,100.0,97.2,05:18:00,05:08:32,01:30:36,01:21:48,56.5,56.9,67.8,74.7,50.0,53.3,105,81,54,55,,,,16.6,14.0,20.0,,
2023-10-08T20:59:59+08:00,"2023年10月7日 星期六","2023年10月8日 星期日",2023-10-07 23:15:00,2023-10-08 07:29:00,08:14:00,00:00:00,00:00:00,1,08:14:00,07:16:42,100.0,97.2,06:15:30,05:27:39,01:29:49,01:30:16,55.4,57.1,69.2,74.4,52.0,53.3,96,88,60,57,,,,16.7,15.0,22.0,,
2023-10-09T20:59:59+08:00,"2023年10月8日 星期日","2023年10月9日 星期一",2023-10-09 00:01:00,2023-10-09 09:08:00,09:07:00,01:11:00,00:00:00,1,07:56:00,07:25:25,87.0,96.0,06:00:34,05:34:13,02:02:50,01:37:14,57.5,57.8,70.5,74.2,60.0,54.3,79,90,63,59,,,,16.2,14.5,19.0,,
2023-10-10T20:59:59+08:00,"2023年10月9日 星期一","2023年10月10日 星期二",2023-10-10 00:15:00,2023-10-10 07:30:00,07:15:00,00:00:00,00:00:00,1,07:15:00,07:20:34,100.0,97.3,05:29:31,05:30:55,01:15:00,01:34:59,55.9,57.7,70.2,73.7,53.0,54.6,49,77,44,57,,,,17.0,14.5,24.5,,
2023-10-11T20:59:59+08:00,"2023年10月10日 星期二","2023年10月11日 星期三",2023-10-10 23:24:00,2023-10-11 07:13:00,07:49:00,00:00:00,00:00:00,1,07:49:00,07:40:25,100.0,97.3,05:47:02,05:42:44,00:46:54,01:26:41,55.0,57.6,73.2,73.0,56.0,55.3,82,79,60,57,,,,16.2,15.0,19.5,,
2023-10-12T20:59:59+08:00,"2023年10月11日 星期三","2023年10月12日 星期四",2023-10-11 23:53:00,2023-10-12 07:33:00,08:12:00,00:00:00,00:00:00,2,08:12:00,07:48:51,100.0,98.1,05:37:06,05:46:40,00:14:50,01:13:52,55.7,57.4,67.9,72.0,56.0,55.1,148,86,78,56,,,,16.1,14.0,20.5,,
2023-10-13T20:59:59+08:00,"2023年10月12日 星期四","2023年10月13日 星期五",2023-10-13 00:13:00,2023-10-13 08:00:00,07:47:00,00:00:00,00:00:00,1,07:47:00,07:49:25,100.0,98.1,06:15:04,05:48:58,02:15:35,01:22:13,56.7,56.1,74.5,70.5,55.0,54.6,95,93,54,59,,,,16.2,13.5,24.0,,
2023-10-14T20:59:59+08:00,"2023年10月13日 星期五","2023年10月14日 星期六",2023-10-14 01:30:00,2023-10-14 09:03:00,07:33:00,00:15:00,00:00:00,1,07:18:00,07:47:17,96.7,97.7,05:30:37,05:50:46,02:15:56,01:28:42,56.4,56.1,74.0,71.4,59.0,55.9,63,87,48,58,,,,16.0,14.5,20.5,,
2023-10-15T20:59:59+08:00,"2023年10月14日 星期六","2023年10月15日 星期日",2023-10-15 02:34:00,2023-10-15 10:00:00,07:26:00,00:23:00,00:00:00,1,07:03:00,07:37:08,94.8,96.9,05:10:10,05:41:26,00:58:21,01:24:12,60.1,56.8,82.4,73.3,60.0,57.0,71,84,56,58,,,,16.5,14.5,22.5,,
2023-10-16T20:59:59+08:00,"2023年10月15日 星期日","2023年10月16日 星期一",2023-10-16 02:11:00,2023-10-16 07:30:00,05:53:00,00:00:00,00:00:00,2,05:53:00,07:19:34,100.0,98.8,04:34:27,05:29:08,01:00:30,01:15:18,59.2,57.0,72.1,73.5,53.0,56.0,102,87,62,58,,,,16.3,14.5,23.0,,
2023-10-17T20:59:59+08:00,"2023年10月16日 星期一","2023年10月17日 星期二",2023-10-17 00:02:00,2023-10-17 07:21:00,07:19:00,00:00:00,00:00:00,1,07:19:00,07:20:08,100.0,98.8,05:51:38,05:32:18,02:31:23,01:26:12,58.2,57.3,71.9,73.7,55.0,56.3,176,105,86,64,,,,16.3,14.0,21.5,,
2023-10-18T20:59:59+08:00,"2023年10月17日 星期二","2023年10月18日 星期三",2023-10-17 23:58:00,2023-10-18 07:30:00,07:32:00,00:00:00,00:00:00,1,07:32:00,07:17:42,100.0,98.8,05:37:35,05:30:57,01:15:20,01:30:16,56.0,57.5,70.7,73.4,53.0,55.9,123,111,64,64,,,,16.6,14.5,19.5,,
2023-10-19T20:59:59+08:00,"2023年10月18日 星期三","2023年10月19日 星期四",2023-10-18 23:20:00,2023-10-19 07:30:00,08:31:00,00:00:00,00:00:00,2,08:31:00,07:20:25,100.0,98.8,06:17:11,05:36:40,01:24:45,01:40:15,59.1,57.9,69.4,73.6,53.0,55.4,66,99,44,59,,,,16.5,15.0,19.0,,
2023-10-20T20:59:59+08:00,"2023年10月19日 星期四","2023年10月20日 星期五",2023-10-19 23:55:00,2023-10-20 08:18:00,08:23:00,00:00:00,00:00:00,1,08:23:00,07:25:34,100.0,98.8,05:58:07,05:34:15,00:44:23,01:27:14,57.2,58.0,69.8,72.9,55.0,55.4,63,95,51,59,,,,15.9,14.0,21.5,,
2023-10-21T20:59:59+08:00,"2023年10月20日 星期五","2023年10月21日 星期六",2023-10-21 01:30:00,2023-10-21 07:30:00,06:00:00,00:27:00,00:00:00,1,05:33:00,07:10:34,92.5,98.2,03:39:56,05:18:26,00:30:16,01:12:08,58.9,58.4,74.5,73.0,57.0,55.1,78,97,57,60,,,,16.0,14.0,20.5,,
2023-10-22T20:59:59+08:00,"2023年10月21日 星期六","2023年10月22日 星期日",2023-10-22 02:29:00,2023-10-22 08:34:00,06:05:00,00:00:00,00:00:00,1,06:05:00,07:02:17,100.0,98.9,04:31:32,05:12:55,01:46:28,01:19:00,55.0,57.6,71.8,71.5,56.0,54.6,102,101,63,61,,,,16.2,14.5,19.5,,
2023-10-23T20:59:59+08:00,"2023年10月22日 星期日","2023年10月23日 星期一",2023-10-22 23:25:00,2023-10-23 06:44:00,07:59:00,01:19:00,00:00:00,2,06:40:00,07:09:00,82.0,96.4,04:48:23,05:14:54,01:00:00,01:18:56,59.0,57.6,73.6,71.7,57.0,55.1,77,98,55,60,,,,16.1,13.5,21.5,,
2023-10-24T20:59:59+08:00,"2023年10月23日 星期一","2023年10月24日 星期二",2023-10-23 23:40:00,2023-10-24 06:46:00,07:45:00,00:00:00,00:00:00,2,07:45:00,07:12:42,100.0,96.4,05:36:05,05:12:41,01:26:27,01:09:39,57.1,57.5,72.7,71.8,55.0,55.1,65,82,59,56,,,,16.0,14.0,18.0,,
2023-10-25T20:59:59+08:00,"2023年10月24日 星期二","2023年10月25日 星期三",2023-10-24 23:21:00,2023-10-25 06:50:00,07:29:00,00:00:00,00:00:00,1,07:29:00,07:12:17,100.0,96.4,05:33:12,05:12:04,00:59:52,01:07:27,60.0,58.0,,,60.0,56.1,84,76,62,56,,,,15.9,14.0,19.5,,
2023-10-27T20:59:59+08:00,"2023年10月26日 星期四","2023年10月27日 星期五",2023-10-26 23:15:00,2023-10-27 06:51:00,07:36:00,00:14:00,00:00:00,1,07:22:00,07:02:25,96.9,95.9,05:15:27,05:03:15,00:45:43,01:01:52,56.3,57.6,71.8,71.9,54.0,56.3,88,79,55,57,,,,16.0,14.5,21.0,,
2023-10-28T20:59:59+08:00,"2023年10月27日 星期五","2023年10月28日 星期六",2023-10-28 00:41:00,2023-10-28 08:18:00,07:37:00,00:52:00,00:00:00,1,06:45:00,06:48:25,88.6,94.3,04:14:00,04:48:22,00:45:00,01:01:58,60.5,58.1,75.6,72.7,59.0,56.9,79,82,55,58,,,,16.7,14.0,23.5,,
2023-10-29T20:59:59+08:00,"2023年10月28日 星期六","2023年10月29日 星期日",2023-10-29 00:37:00,2023-10-29 06:44:00,06:07:00,00:00:00,00:00:00,1,06:07:00,06:53:17,100.0,95.4,04:20:49,04:54:13,01:28:05,01:10:13,62.9,58.7,69.9,72.1,57.0,56.9,91,84,50,57,,,,16.9,15.0,23.5,,
2023-10-30T20:59:59+08:00,"2023年10月29日 星期日","2023年10月30日 星期一",2023-10-29 23:48:00,2023-10-30 00:16:00,06:29:00,02:29:00,00:00:00,2,04:00:00,06:35:25,100.0,95.4,02:51:24,04:39:54,,,59.5,59.3,74.3,72.4,58.0,57.1,47,76,37,53,,,,20.6,20.0,21.5,,
2023-10-31T20:59:59+08:00,"2023年10月30日 星期一","2023年10月31日 星期二",2023-10-30 23:29:00,2023-10-31 07:18:00,08:07:00,00:00:00,00:00:00,2,08:07:00,06:47:51,100.0,97.9,06:20:09,04:53:01,01:39:46,01:09:16,58.7,59.3,72.6,72.3,56.0,57.0,92,78,51,53,,,,16.6,15.0,23.5,,
2023-11-01T20:59:59+08:00,"2023年10月31日 星期二","2023年11月1日 星期三",2023-10-31 23:53:00,2023-11-01 07:43:00,08:09:00,00:00:00,00:00:00,2,08:09:00,06:51:17,100.0,97.9,05:59:34,04:56:22,01:43:30,01:15:29,57.7,59.4,,,58.0,57.4,62,77,54,52,,,,16.0,14.0,23.0,,
2023-11-03T20:59:59+08:00,"2023年11月2日 星期四","2023年11月3日 星期五",2023-11-03 00:00:00,2023-11-03 07:15:00,07:15:00,00:00:00,00:00:00,1,07:15:00,06:49:17,100.0,97.9,05:25:00,04:55:12,01:15:00,01:13:50,56.7,58.9,,,52.0,56.3,67,75,58,51,,,,16.4,14.0,20.5,,
2023-11-05T20:59:59+08:00,"2023年11月4日 星期六","2023年11月5日 星期日",2023-11-05 00:15:00,2023-11-05 07:02:00,06:47:00,00:00:00,00:00:00,1,06:47:00,06:44:17,100.0,98.4,05:12:46,04:54:49,01:15:22,01:16:03,54.9,58.7,69.1,72.4,52.0,56.0,51,70,42,50,,,,16.7,14.0,22.5,,
2023-11-06T20:59:59+08:00,"2023年11月5日 星期日","2023年11月6日 星期一",2023-11-05 23:45:00,2023-11-06 06:38:00,07:44:00,00:00:00,00:00:00,2,07:44:00,06:52:42,100.0,100.0,06:00:20,05:10:00,02:19:22,01:29:26,57.2,58.2,71.8,71.8,53.0,55.1,72,69,44,48,,,,16.3,14.0,22.0,,
2023-11-07T20:59:59+08:00,"2023年11月6日 星期一","2023年11月7日 星期二",2023-11-06 23:23:00,2023-11-07 06:33:00,07:41:00,00:00:00,00:00:00,2,07:41:00,07:06:08,100.0,100.0,05:32:12,05:20:12,01:28:58,01:35:43,55.4,57.2,78.4,73.0,52.0,54.4,57,64,43,47,,,,16.5,14.0,22.5,,
2023-11-08T20:59:59+08:00,"2023年11月7日 星期二","2023年11月8日 星期三",2023-11-07 23:28:00,2023-11-08 07:16:00,07:48:00,00:00:00,00:00:00,1,07:48:00,07:38:42,100.0,100.0,05:46:07,05:45:10,01:45:41,01:38:14,58.5,57.0,,,56.0,54.1,112,73,77,53,,,,16.0,12.5,25.0,,
2023-11-10T20:59:59+08:00,"2023年11月9日 星期四","2023年11月10日 星期五",2023-11-10 00:19:00,2023-11-10 08:00:00,07:41:00,00:18:00,00:00:00,1,07:23:00,07:32:25,96.1,99.4,05:07:32,05:34:47,00:44:18,01:30:18,59.0,57.1,,,61.0,54.9,74,70,56,53,,,,15.7,14.0,18.0,,
2023-11-13T20:59:59+08:00,"2023年11月12日 星期日","2023年11月13日 星期一",2023-11-12 23:43:00,2023-11-13 07:52:00,08:27:00,00:00:00,00:00:00,2,08:27:00,07:35:00,100.0,99.4,06:27:18,05:38:45,02:17:32,01:35:10,57.2,57.0,,,54.0,54.3,84,74,54,53,,,,16.0,13.5,22.5,,
2023-11-15T20:59:59+08:00,"2023年11月14日 星期二","2023年11月15日 星期三",2023-11-15 00:32:00,2023-11-15 07:19:00,06:47:00,00:00:00,00:00:00,1,06:47:00,07:31:00,100.0,99.4,05:30:11,05:39:29,02:20:53,01:44:35,56.5,57.0,73.4,73.8,55.0,54.7,68,74,40,51,,,,15.6,13.5,22.0,,
2023-11-16T20:59:59+08:00,"2023年11月15日 星期三","2023年11月16日 星期四",2023-11-16 00:09:00,2023-11-16 07:19:00,07:10:00,00:00:00,00:00:00,1,07:10:00,07:34:17,100.0,99.4,05:25:32,05:41:19,00:59:19,01:42:17,65.2,58.4,,,61.0,56.0,109,82,53,53,,,,16.2,14.5,21.5,,
2023-11-18T20:59:59+08:00,"2023年11月17日 星期五","2023年11月18日 星期六",2023-11-18 02:30:00,2023-11-18 07:31:00,05:01:00,00:00:00,00:00:00,1,05:01:00,07:11:00,100.0,99.4,03:49:17,05:22:36,00:45:09,01:28:50,64.1,59.4,73.1,74.5,59.0,56.9,68,82,45,53,,,,15.8,14.5,21.5,,
2023-11-19T20:59:59+08:00,"2023年11月18日 星期六","2023年11月19日 星期日",2023-11-19 00:37:00,2023-11-19 08:30:00,07:53:00,00:00:00,00:00:00,1,07:53:00,07:12:42,100.0,99.4,05:46:48,05:24:41,02:13:02,01:35:07,60.4,60.1,72.9,73.7,58.0,57.7,82,85,58,55,,,,15.9,14.0,20.5,,
2023-11-20T20:59:59+08:00,"2023年11月19日 星期日","2023年11月20日 星期一",2023-11-20 00:15:00,2023-11-20 07:30:00,07:15:00,00:00:00,00:00:00,1,07:15:00,07:08:00,100.0,99.4,05:34:22,05:23:00,01:45:00,01:35:01,57.6,60.0,70.6,73.4,57.7,58.0,117,86,63,53,,,,15.5,13.5,19.0,,
2023-11-21T20:59:59+08:00,"2023年11月20日 星期一","2023年11月21日 星期二",2023-11-20 23:40:00,2023-11-21 07:45:00,08:05:00,00:00:00,00:00:00,1,08:05:00,07:14:00,100.0,100.0,06:06:28,05:31:25,01:30:56,01:41:41,59.8,60.1,,,61.0,58.0,73,86,48,52,,,,15.3,10.5,20.5,,
2023-11-23T20:59:59+08:00,"2023年11月22日 星期三","2023年11月23日 星期四",2023-11-23 00:15:00,2023-11-23 07:30:00,07:15:00,00:00:00,00:00:00,1,07:15:00,07:03:42,100.0,100.0,05:39:41,05:24:37,01:15:00,01:32:45,57.4,60.2,72.8,73.3,58.0,58.5,87,86,51,51,,,,15.8,13.5,19.5,,
2023-11-24T20:59:59+08:00,"2023年11月23日 星期四","2023年11月24日 星期五",2023-11-23 23:36:00,2023-11-24 06:42:00,07:06:00,00:11:00,00:00:00,1,06:55:00,07:04:51,97.4,99.6,04:44:15,05:18:03,01:16:51,01:23:36,60.0,60.7,73.7,73.3,56.0,58.7,40,82,35,51,,,,15.9,14.5,20.5,,
2023-11-25T20:59:59+08:00,"2023年11月24日 星期五","2023年11月25日 星期六",2023-11-25 00:27:00,2023-11-25 08:18:00,07:51:00,00:00:00,00:00:00,1,07:51:00,07:10:42,100.0,99.6,05:41:08,05:20:17,00:44:09,01:21:26,59.3,59.8,58.0,71.2,58.0,58.2,62,76,55,51,,,,16.1,14.0,22.5,,
2023-11-26T20:59:59+08:00,"2023年11月25日 星期六","2023年11月26日 星期日",2023-11-25 22:30:00,2023-11-26 06:45:00,08:15:00,00:00:00,00:00:00,1,08:15:00,07:38:25,100.0,99.6,05:41:19,05:36:17,,,70.5,60.7,,,62.0,58.7,64,75,38,50,,,,16.8,14.5,24.5,,
2023-11-29T20:59:59+08:00,"2023年11月28日 星期二","2023年11月29日 星期三",2023-11-29 00:45:00,2023-11-29 07:20:00,06:35:00,00:00:00,00:00:00,1,06:35:00,07:27:17,100.0,99.6,04:52:48,05:28:34,00:30:23,01:19:20,57.2,60.3,68.1,70.1,52.0,57.8,81,75,60,50,,,,15.9,14.0,18.0,,
2023-11-30T20:59:59+08:00,"2023年11月29日 星期三","2023年11月30日 星期四",2023-11-29 23:45:00,2023-11-30 07:24:00,07:39:00,00:00:00,00:00:00,1,07:39:00,07:30:42,100.0,99.6,05:30:23,05:28:00,01:31:48,01:13:26,57.2,60.2,56.1,68.0,54.0,57.3,55,66,44,47,,,,16.1,14.5,18.5,,
2023-12-01T20:59:59+08:00,"2023年11月30日 星期四","2023年12月1日 星期五",2023-12-01 00:08:00,2023-12-01 07:13:00,07:05:00,00:19:00,00:00:00,1,06:46:00,07:19:25,95.5,99.0,04:33:24,05:14:42,,,56.5,59.7,,,56.0,56.6,78,67,52,48,,,,15.9,14.0,21.0,,
2023-12-03T20:59:59+08:00,"2023年12月2日 星期六","2023年12月3日 星期日",2023-12-03 01:25:00,2023-12-03 08:20:00,06:55:00,00:00:00,00:00:00,1,06:55:00,07:16:34,100.0,99.0,05:12:34,05:10:50,01:14:06,01:09:01,54.5,59.3,67.5,66.7,54.0,56.0,48,61,40,46,,,,15.7,13.5,18.5,,
2023-12-04T20:59:59+08:00,"2023年12月3日 星期日","2023年12月4日 星期一",2023-12-04 00:13:00,2023-12-04 07:30:00,07:35:00,00:00:00,00:00:00,2,07:35:00,07:22:17,100.0,99.4,05:40:30,05:18:52,00:58:16,01:04:21,54.4,58.5,69.3,66.0,54.0,55.7,76,66,54,49,,,,15.9,14.0,21.5,,
2023-12-05T20:59:59+08:00,"2023年12月4日 星期一","2023年12月5日 星期二",2023-12-05 00:15:00,2023-12-05 07:30:00,07:15:00,00:11:00,00:00:00,1,07:04:00,07:15:34,97.5,99.0,05:12:00,05:14:42,01:30:51,01:06:37,56.1,58.1,70.6,67.8,55.0,55.3,72,68,47,48,,,,15.9,14.0,21.0,,
2023-12-06T20:59:59+08:00,"2023年12月5日 星期二","2023年12月6日 星期三",2023-12-06 00:15:00,2023-12-06 08:00:00,08:16:00,00:00:00,00:00:00,2,08:16:00,07:15:42,100.0,99.0,06:01:35,05:17:36,02:00:30,01:12:51,55.5,55.9,69.4,67.8,58.0,54.7,53,66,37,48,,,,15.4,14.0,20.5,,
2023-12-07T20:59:59+08:00,"2023年12月6日 星期三","2023年12月7日 星期四",2023-12-07 00:06:00,2023-12-07 07:06:00,07:19:00,00:00:00,00:00:00,2,07:19:00,07:22:00,100.0,99.0,05:24:17,05:22:06,01:45:00,01:21:33,57.4,55.9,,,56.0,55.3,59,63,46,46,,,,15.6,13.5,19.5,,
2023-12-09T20:59:59+08:00,"2023年12月8日 星期五","2023年12月9日 星期六",2023-12-09 00:30:00,2023-12-09 06:44:00,06:14:00,00:00:00,00:00:00,1,06:14:00,07:09:51,100.0,99.0,04:39:21,05:14:49,00:29:55,01:21:29,66.7,57.3,75.1,71.5,58.0,55.9,62,64,48,46,,,,16.2,15.0,19.0,,
2023-12-10T20:59:59+08:00,"2023年12月9日 星期六","2023年12月10日 星期日",2023-12-10 00:08:00,2023-12-10 07:45:00,07:37:00,00:00:00,00:00:00,1,07:37:00,07:17:08,100.0,99.6,05:17:48,05:21:09,00:44:14,01:14:41,59.3,57.7,91.2,74.0,59.0,56.3,80,64,54,46,,,,15.5,13.0,19.5,,
2023-12-11T20:59:59+08:00,"2023年12月10日 星期日","2023年12月11日 星期一",2023-12-11 01:30:00,2023-12-11 07:18:00,06:14:00,00:00:00,00:00:00,2,06:14:00,07:11:17,100.0,99.6,05:04:50,05:20:03,01:28:39,01:16:46,67.6,59.6,75.4,75.1,61.0,57.3,92,71,69,51,,,,16.4,14.5,21.5,,
2023-12-12T20:59:59+08:00,"2023年12月11日 星期一","2023年12月12日 星期二",2023-12-11 23:39:00,2023-12-12 07:15:00,08:06:00,00:00:00,00:00:00,2,08:06:00,07:15:42,100.0,99.6,05:40:07,05:20:00,01:13:50,01:18:59,60.6,60.5,71.0,75.4,59.0,58.0,77,71,58,51,,,,15.6,12.5,20.0,,
2023-12-13T20:59:59+08:00,"2023年12月12日 星期二","2023年12月13日 星期三",2023-12-12 23:59:00,2023-12-13 07:30:00,08:14:00,00:00:00,00:00:00,2,08:14:00,07:25:42,100.0,100.0,05:44:06,05:24:35,01:45:14,01:21:03,58.5,60.8,71.1,75.4,54.0,57.9,81,72,59,53,,,,16.0,14.5,21.5,,
2023-12-14T20:59:59+08:00,"2023年12月13日 星期三","2023年12月14日 星期四",2023-12-13 23:51:00,2023-12-14 07:45:00,09:10:00,00:10:00,00:00:00,2,09:00:00,07:32:00,97.9,99.7,06:11:16,05:25:58,01:44:46,01:18:48,58.9,61.3,,,60.0,58.1,62,73,48,54,,,,16.1,14.0,20.0,,
2023-12-18T20:59:59+08:00,"2023年12月17日 星期日","2023年12月18日 星期一",2023-12-18 12:59:00,2023-12-18 14:00:00,01:01:00,00:00:00,00:00:00,1,01:01:00,06:38:00,100.0,99.7,00:31:58,04:44:12,00:12:12,01:05:32,64.3,62.3,67.9,75.2,61.0,58.9,71,75,65,57,,,,,,,,
2023-12-19T20:59:59+08:00,"2023年12月18日 星期一","2023年12月19日 星期二",2023-12-18 23:53:00,2023-12-19 07:13:00,07:20:00,00:00:00,00:00:00,1,07:20:00,06:47:25,100.0,99.7,05:24:46,04:50:42,02:16:33,01:20:46,56.1,60.8,70.6,74.6,53.0,58.1,160,89,80,62,,,,15.7,13.5,21.0,,
2023-12-20T20:59:59+08:00,"2023年12月19日 星期二","2023年12月20日 星期三",2023-12-20 00:23:00,2023-12-20 07:30:00,07:07:00,00:00:00,00:00:00,1,07:07:00,06:43:08,100.0,99.7,05:16:07,04:50:27,01:13:37,01:24:58,54.1,60.0,69.9,71.5,53.0,57.3,71,88,56,62,,,,15.8,14.0,22.5,,
2023-12-21T20:59:59+08:00,"2023年12月20日 星期三","2023年12月21日 星期四",2023-12-21 00:03:00,2023-12-21 07:18:00,07:48:00,00:00:00,00:00:00,2,07:48:00,06:56:34,100.0,99.7,05:38:35,04:55:16,01:31:30,01:25:23,56.1,58.4,69.9,70.8,54.0,56.3,74,85,55,60,,,,15.2,13.0,18.5,,
2023-12-22T20:59:59+08:00,"2023年12月21日 星期四","2023年12月22日 星期五",2023-12-22 00:01:00,2023-12-22 07:30:00,07:29:00,00:00:00,00:00:00,1,07:29:00,06:51:17,100.0,99.7,05:28:33,04:53:37,00:44:54,01:21:15,56.0,57.7,,,57.0,56.0,73,85,50,59,,,,15.3,13.5,19.5,,
2023-12-25T20:59:59+08:00,"2023年12月24日 星期日","2023年12月25日 星期一",2023-12-24 23:58:00,2023-12-25 07:30:00,07:32:00,00:00:00,00:00:00,1,07:32:00,06:45:17,100.0,99.7,05:17:16,04:49:47,01:00:16,01:14:49,66.3,58.8,74.1,71.8,61.0,57.0,78,84,48,57,,,,16.1,14.0,19.5,,
2023-12-26T20:59:59+08:00,"2023年12月25日 星期一","2023年12月26日 星期二",2023-12-26 00:00:00,2023-12-26 07:30:00,07:30:00,00:00:00,00:00:00,1,07:30:00,06:32:25,100.0,100.0,05:34:04,04:44:28,01:00:00,01:08:26,62.0,59.3,68.2,70.8,57.0,56.6,116,92,72,61,,,,15.9,13.5,22.0,,
2023-12-27T20:59:59+08:00,"2023年12月26日 星期二","2023年12月27日 星期三",2023-12-27 00:15:00,2023-12-27 07:20:00,07:05:00,00:00:00,00:00:00,1,07:05:00,07:24:25,100.0,100.0,05:07:14,05:23:48,01:15:54,01:17:32,57.9,58.4,66.1,70.5,56.0,55.9,56,90,41,57,,,,16.1,13.0,21.5,,
2023-12-28T20:59:59+08:00,"2023年12月27日 星期三","2023年12月28日 星期四",2023-12-28 00:11:00,2023-12-28 01:15:00,01:04:00,00:00:00,00:00:00,1,01:04:00,06:30:42,100.0,100.0,00:26:32,04:41:12,00:12:48,00:59:51,60.9,59.1,69.3,70.4,74.0,58.9,87,79,87,58,,,,15.7,14.5,17.0,,
2023-12-29T20:59:59+08:00,"2023年12月28日 星期四","2023年12月29日 星期五",2023-12-28 23:40:00,2023-12-29 08:00:00,08:20:00,00:14:00,00:00:00,1,08:06:00,06:39:08,97.2,99.6,05:55:14,04:46:47,01:15:56,01:00:11,57.0,59.5,,,57.0,59.4,53,77,44,57,,,,16.0,14.0,20.0,,
